Name,Email,Phone,City,State,Zip,Website
"11th Hour Canine Rescue New York",barbara.ehrny@gmail.com,518-223-5589,"Wilton",NY,12831,
"2000 Spays and Neuters Animal Rescue",spaysandneuters2000@gmail.com,,"New York",NY,10075,
"4 Paws Humane Society",4pawshumanesocietyinc@gmail.com,845-446-5300,"Highland Falls",NY,10928,
"A Home at Last Animal Adoption Network",ahomeatlast@optonline.net,,"Brightwaters",NY,11803,
"A Home Fur Now Rescue, Inc",adoptions@ahomefurnowrescue.org,,"Holbrook",NY,11741,
"A New Beginning Animal Rescue Corp.",newbeginningresq@aol.com,,"Plainview",NY,11803,
"A Place For Cats, Inc.",apcinc@gmx.com,716-574-1320,"Delevan",NY,14042,
"A Purr-fect Fit Animal Rescue and Adoption Center",apurrfectfit@gmail.com,(716) 633-6600,"Williamsville",NY,14221,
"A Tail Of Two Kitties",atailof2kittiesnyc@gmail.com,641-715-3900 x 982838,"Ridgewood",NY,11385,
"A Wing And A Prayer Animal Rescue",awaprescue@hotmail.com,631-987-6509,"Farmingdale",NY,11735,
"A-Team ELITE Rescue Dogs",ateameliterescuedogs@yahoo.com,,"Old Westbury",NY,11568,
"Abby's Angels",abbysangelscats@yahoo.com,716-983-5008,"Clarence",NY,14221,
"Adirondack Save-A-Stray",adirondacksaveastray@yahoo.com,(518) 654-6220,"Corinth",NY,12822,
"Adopt-A-Buddy",adoptabuddy@gmail.com,,"Brooklyn",NY,11229,
"Adopt-A-Pet Clinic, Inc.",adoptapetclinic1@aol.com,518-588-0570,"Troy",NY,12180,
"Adore-a-Bullie Paws and Claws",adoreabullie@gmail.com,,"Bronx",NY,10464,
"Against All Oddz Animal Alliance",againstalloddzaa@gmail.com,(716) 238-3237,"Buffalo",NY,14222,
"Akron Canine Rescued Angels, Inc",rescuedangels@gmail.com,,"Akron",NY,14001,
"All About Cats Rescue, Inc",allaboutcatsinc@aol.com,516  379-2287,"Freeport",NY,11520,
"All About Labs Rescue Inc.",gina@allaboutlabs.org,,"New York",NY,10019,
"All About Rabbits Rescue, Inc",allaboutrabbitsrescue@gmail.com,(347) 993-2300,"Forest Hills",NY,11375,
"All About Spay Neuter Inc.",allabtspayneuter@aol.com,516-799-2287,"Massapequa",NY,11758,
"Alleykattz Rescue",adopt.alleykattz@gmail.com,,"Woodmere",NY,11598,
"Almost Home Animal Rescue and Adoption inc.",support@almosthomeli.org,(631) 627-3665,"Medford",NY,11763,
"AMA Animal Rescue",mariya@amaanimalrescue.org,,"Brooklyn",NY,11235,
"Amaryllis Farm Equine Rescue Inc",rascal11968@gmail.com,631-537-7335,"Southampton",NY,11968,
"Amazing Animals Rescue and Adoptions",amazinanimals17@aol.com,(718) 791-0477,"Whitestone",NY,11357,
"Amber's Angels Rescue",ambersangelsrescue@yahoo.com,914-980-9256,"Goldens Bridge",NY,10526,
"American Manchester Terrier Club Rescue",michelle@maximaldog.com,,"Dansville",NY,14437,
"AmsterDog",amsterdog@gmail.com,917 689 8414,"New York",NY,10280,
"Anarchy Animal Rescue",info@anarchyanimalrescue.org,,"Brooklyn",NY,11228,
"Angels In Waiting Rescue",angelsinwaitingrescue@gmail.com,,"Warwick",NY,10990,
"Animal Care Centers of NYC - Brooklyn",adoption@nycacc.org,(212) 788-4000,"Brooklyn",NY,11208,
"Animal Haven",kendram@ah-nyc.org,(212) 274-8511,"New York",NY,10013,
"Animal Lighthouse Rescue",info@alrcares.com,,"New York",NY,10011,
"Animal Rescue  Welfare Services, Inc",animalrescue.welfareservices@gmail.com,518 569-9653,"Plattsburgh",NY,12901,
"Animal Rescue Foundation",arfbeacon@optonline.net,845-831-5161,"Beacon",NY,12508,
"Animal Rescue Fund of the Hamptons Inc.",adoptions@arfhamptons.org,(631) 537-0400 x203,"Wainscott",NY,11975,
"Animal Service League Inc.",animalserviceleague@hotmail.com,(585) 342-6099,"Rochester",NY,14622,
"Animal Shelter of Schoharie Valley",assv@midtel.net,518-296-8390,"Howes Cave",NY,12092,
"Animalkind Inc.",animalkindny@gmail.com,(518) 822-8643,"Hudson",NY,12534,
"AnimaLovers",animalovers@empireone.net,(518) 348-3903,"Albany",NY,12206,
"Animals Are Forever, Inc",hollikatz@aol.com,,"Brooklyn",NY,11235,
"Animals Saved by Grace",animalssavedbygrace@yahoo.com,,"Bronx",NY,10460,
"Anjellicle Cats Rescue",adopt@anjelliclecats.com,646.457.2130,"New York",NY,10019,
"Aslan's Cats",aslanscatssanctuary@gmail.com,917-916-8596,"Verbank",NY,12585,
"Awesome Paws Rescue",awesomepawsrescue@yahoo.com,(716) 725-9966,"Buffalo",NY,14219,
"Ayres Memorial Animal Shelter",ayres673@hotmail.com,(518) 673-5670,"Sprakers",NY,12166,
"Badass Brooklyn Animal Rescue",adopt@badassbk.com,,"Brooklyn",NY,11215,
"Ballston Spa Veterinary Clinic",bsvcinfo@gmail.com,(518) 885-5650,"Ballston Spa",NY,12020,
"Barbara the Cat Lady",barbrose@optonline.net,,"Brooklyn",NY,11226,
"BARC Shelter (Brooklyn Animal Resource Coalition)",info@barcshelter.org,(718) 486-7489,"Brooklyn",NY,11211,
"BARRK Animal Rescue",applications@barrkli.org,,"Valley Stream",NY,11580,
"Beastly Rescue, Inc.",beastlyrescue@gmail.com,917-287-5869,"Brooklyn",NY,11201,
"BeFreegle Foundation",contact@befreeglefoundation.org,,"Putnam Valley",NY,10579,
"Bella Bast Rescue Inc.",bellabastrescue@gmail.com,(631)741-0744,"West Babylon",NY,11704,
"Bernards Beagle Rescue",bbrescue@roadrunner.com,,"Lockport",NY,14094,
"Best Friends - New York",adoptnyc@bestfriends.org,,"New York",NY,10038,
"Better Days are Coming Dog Rescue",wishfulthinkin66@yahoo.com,1-716-335-0045,"Tonawanda",NY,14150,
"Beverly Animal Shelter",beverlyshelter@yahoo.com,315-539-9357,"Waterloo",NY,13165,
"Bideawee",westhamptonadoptions@bideawee.org,631-325-0200,"Westhampton",NY,11977,
"Bideawee",anne.mullen@bideawee.org,(212) 271-2984,"New York",NY,10016,
"Bleu's Canine Rescue Inc",bk9rescue@gmail.com,,"Maybrook",NY,12543,
"Blissful Strays Animal Adoption",blissfulstrays@gmail.com,,"Hopewell Jct",NY,12533,
"Bloodhound Network of WNY",chris_dillenburg@yahoo.com,,"Dunkirk",NY,14048,
"BlueMoon Meadows",dee@bluemoonmeadows.org,585-624-9328,"Honeoye Falls",NY,14472,
"Bobbi & the Strays",adopt@bobbicares.org,5163784340,"Ozone Park",NY,11417,
"Boght & Oakwood Veterinary Clinics",boghtadoptions@gmail.com,518-785-0718,"Cohoes",NY,12047,
"BRAT Rescue Inc.",bratrescue@yahoo.com,,"Far Rockaway",NY,11691,
"Brent's Bountiful Bobtails",brent.petfinder@gmail.com,,"flushing",NY,11365,
"BrightStar German Shepherd Rescue",info@brightstargsd.org,,"Spencerport",NY,14559,
"Brindle Posse Rescue",brindleposse@gmail.com,585-746-0058,"Rochester",NY,14612,
"Broken Down Dogs",alohajanetmary@yahoo.com,,"Amherst",NY,14226,
"Bronx Tails Cat Rescue",bronxtailscatrescue@gmail.com,,"New York",NY,10031,
"Brookhaven Animal Rescue Alliance Ltd",jlipari@brookhavenanimalrescuealliance.org,(631) 295-7949,"Medford",NY,11763,
"Brooklyn Animal Action",brooklynanimalaction@gmail.com,(877) 415-4889,"Brooklyn",NY,11215,
"Brooklyn Bridge Animal Welfare Coalition",adoptions@bbawc.org,(718) 360-9918,"Brooklyn",NY,11202,
"Brooklyn Cat Farm",brooklyncatfarm@yahoo.com,,"Brooklyn",NY,11216,
"Brooklyn's Finest Animal Clinic",brooklyns.finest.ac@gmail.com,(718) 735-7000,"Brooklyn",NY,11225,
"Broome County Dog Shelter",muttsrus@co.broome.ny.us,(607) 778-2493,"Binghamton",NY,13905,
"Browncoat Cat Rescue",browncoatcatrescue@yahoo.com,,"Ithaca",NY,14850,
"Buffalo CARES Animal Rescue",adoptions@buffalocares.org,,"Tonawanda",NY,14150,
"Buffalo Paws and Claws Animal Shelter, Inc",bpckitties@hotmail.com,716-308-0101,"Cheektowaga",NY,14227,
"Buffalo Pug & Small Breed Rescue Inc.",rescue@buffalopugs.org,,"Alden",NY,14004,
"Bully Baby Rescue, Inc",info@bullybabyrescue.org,914-565-1512,"Port Chester",NY,10573,
"Bully Project",bullyprojectnyc@gmail.com,,"New York",NY,10024,
"Bunnies and Beyond",adoption@bunniesandbeyond.org,,"New York",NY,10035,
"C. A. R. E. Canine Athlete Rescue Effort",mstgsalie@aol.com,,"Hyde Park",NY,12538,
"C.A.T.S. dba Cats for Adoption",kate.catsforadoption@gmail.com,,"Suffern",NY,10901,
"C&H Animal Rescue",btinascooby@aol.com,(631) 880-9373,"Kerhonkson",NY,12446,
"Canine Rest Stop",caninereststop@rocketmail.com,,"Dunkirk",NY,14048,
"Capital District Humane Association",cdhaadopt@gmail.com,(518) 664-3450,"Albany",NY,12211,
"Capital Region Parrot Society",brodeur747@gmail.com,518-620-4035,"Niskayuna",NY,12309,
"Carolyns Critters",duffy72297@yahoo.com,(631) 374-1681,"Lindenhurst",NY,11757,
"Cat Assistance Inc.",catassistanceny@gmail.com,914-667-7877/419-2574,"Ardsley",NY,10502,
"Cayuga Dog Rescue",cayugadogrescue@gmail.com,,"Ithaca",NY,14817,
"Central New York SPCA",mail@cnyspca.org,(315) 454-4479,"Syracuse",NY,13211,
"Chemung County Humane Society and SPCA",admin@chemungspca.org,(607)732-1827,"Elmira",NY,14903,
"Chenango SPCA",shelterassistant@chenangospca.org,(607) 334-9724,"Norwich",NY,13815,
"Chow Chow Rescue Of Central New York, Inc.",maggie@chowrescuecny.org,315-699-3086,"Brewerton",NY,13029,
"City Critters Inc.",adoptions@citycritters.org,(212) 252-3183,"New York",NY,10013,
"City of Buffalo Animal Shelter",buffaloshelter@gmail.com,(716) 851-5694,"Buffalo",NY,14203,
"City of Syracuse",dewittanimalhospital@yahoo.com,(315) 446-1200,"Dewitt",NY,13214,
"CNY Cat Coalition",cnycc@outlook.com,,"Syracuse",NY,13217,
"CNY SNAP",cnysnap@hotmail.com,607 756-2561,"Cortland",NY,13045,
"Col Potter Cairn Rescue Network-NE",cpcrn@cairnrescue.com,,"Whitesboro",NY,13492,
"Community Animal Action Project",caapnotforprofit@gmail.com,(518) 502-3760,"Schuylerville",NY,12871,
"Community Cats Inc.",communitycats@yahoo.com,914-234-3771,"Bedford",NY,10506,
"Companion Animal Placement Program Inc.",info@capp-petplacement.org,E-mail only,"Rensselaer",NY,12224,
"Compassionate Action Inc",compassionateactioninc@gmail.com,516-480-9279,"Selden",NY,11784,
"Compassionate Animal Rescue of Dutchess County",careofdc@gmail.com,(845) 240-4862,"Wappingers Falls",NY,12590,
"Cortland Community SPCA",ccspca@cortlandspca.org,(607) 753-9386,"Cortland",NY,13045,
"Country Acres Animal Shelter",info@countryacresanimalshelter.org,607-749-2734,"Homer",NY,13077,
"Courageous Cats",courageouscats@yahoo.com,,"Malverne",NY,11565,
"Cracker Box Palace - Large Animal Shelter",crackerbpalace@netzero.net,315-483-2493,"Alton",NY,14413,
"Crate Escape",riteshot21@gmail.com,9149605684,"Wappingers Falls",NY,12590,
"Crest-Care Inc.",crestcareinc@gmail.com,,"Trenton",NY,12401,
"CSM Stray Foundation (USA) Inc.",csmstray@aol.com,,"New York",NY,11415,
"Cypress Feline Rescue",cypressfelinerescue@yahoo.com,347-739-0273,"Brooklyn",NY,11208,
"DALMATIAN ADOPTION, INC.",hckoss@aol.com,917 670 3892,"Brooklyn",NY,11201,
"Dawns Canine Rescue",dawnjoy@hotmail.com,716-985-4792,"Falconer",NY,14733,
"Delaware Valley Humane Society",dvhs.sidney@gmail.com,(607) 563-7780,"Sidney",NY,13838,
"DGI Paws",doggoneinn@yahoo.com,(315) 682-0783,"Manlius",NY,13104,
"Diamonds in the Ruff",diamondunderdogs@yahoo.com,,"Lockport",NY,14095,
"Dog House Adoptions",pawsomepupspersevere@yahoo.com,,"Waterford",NY,12188,
"Dogs Best Friend Adoption Center",c2dogz@ptd.net,,"Gardiner",NY,12525,
"Duffy's Friends Inc.",duffysfriends@gmail.com,,"Brockport",NY,14420,
"Dutchess County SPCA",adoptions@dcspca.org,845-452-7722,"Hyde Park",NY,12538,
"Earth Angels Companion Rescue",spiritluv728@yahoo.com,516-849-3397,"Melville",NY,11747,
"Educate A Bull",jenbelzeab@gmail.com,,"Buffalo",NY,14205,
"Elmira Animal Shelter",cspencer@cityofelmira.net,(607) 737-5767,"Elmira",NY,14901,
"Elmore SPCA",info@elmorespca.org,(518) 643-2451,"Peru",NY,12972,
"Elsas Ark Inc.",elsasark@optonline.net,631.329.2900,"East Hampton",NY,11937,
"Empire Animal Rescue Society",courtneyvalent@hotmail.com,,"Salamanca",NY,14779,
"Empty Cages Collective",adopt@emptycagescollective.org,(800) 880-2684,"Brooklyn",NY,11211,
"Eskies Online American Eskimo Dog Rescue",denise@eskiesonline.com,(860) 908-9738,"New York",NY,10011,
"Estherville Animal Shelter",esthervilleanimalshelter54@gmail.com,(518) 893-7451,"Greenfield Center",NY,12833,
"Eve's Sanctuary - Animal Rescue",amber@evessanctuary.com,,"New York",NY,10036,
"Everlasting Hope Animal Rescue & Advocacy",adoptapup@hotmail.com,518-821-9422,"Hillsdale",NY,12529,
"Every Dogs Dream",everydogsdreamwoerter@yahoo.com,,"Greene",NY,13778,
"F.A.C.T. (Fight Animal Cruelty Today)",factanimalrescue@outlook.com,,"Queensbury",NY,12804,
"Fairmount Animal Hospital",tvanbramer@fairmountanimal.com,3154683446,"Syracuse",NY,13219,
"FAT Cats",brooklynfatcats@gmail.com,,"Brooklyn",NY,11226,
"Feline Victory Rescue",felinevictoryrescue@gmail.com,,"Commack",NY,11725,
"Fetch A Friend Rescue",fetchafriendrescue@gmail.com,(315) 651-2375,"Seneca Falls",NY,13148,
"Finger Lakes SPCA of Central New York",flspca_cny@yahoo.com,(315) 253-5841,"Auburn",NY,13021,
"Focus on Ferals",savinglives@focusonferalstoday.com,,"Brainardsville",NY,12915,
"Fontastic Kennels",nvz9050@gmail.com,do not call email only,"Rocky Point",NY,11778,
"For Animals Inc. - Shelter",adoptions@foranimalsinc.com,917-257-6759,"South Ozone Park",NY,11420,
"For the Love of Cats of New York",lovecats@nycap.rr.com,518 355 0996,"Duanesburg",NY,12056,
"For the LOVE of DOGS",lovedogs.bedfordny@gmail.com,,"Ossining",NY,10562,
"Forever Home Dog Rescue of the Capital District",jeans-haven@nycap.rr.com,,"Albany",NY,12205,
"FOREVER HOME GREYHOUND ADOPTION",paula@foreverhomegreyhounds.com,(518) 261-7025,"Middleburgh",NY,12122,
"Forgotten Felines, Inc.",forgottenfelinesny@gmail.com,914-428-7969,"Valhalla",NY,10595,
"Forgotten Friends of Long Island, Inc.",ffoli.info@gmail.com,516-719-0808,"Plainview",NY,11803,
"Four Paws Sake NYC",fourpawssake7@aol.com,,"Middle Village",NY,11379,
"Four-Legged Friends Animal Adoptions, Inc.",fourleggedfriendsny@gmail.com,,"Rochester",NY,14692,
"Frankie's Fund for Feline Care and Rescue",frankiesfelinefund@gmail.com,1-917-514-0228,"New York",NY,10023,
"Free To Be Me Rescue",freetobemerescue@gmail.com,518-956-1804,"Delmar",NY,12054,
"Friends for Felines, Inc. at Tabby Town",cheryl@tabbytown.org,(716) 822-4910,"Blasdell",NY,14219,
"Friends of Phoebie Animal Rescue Inc.",summer@friendsofphoebie.org,518-744-4872,"Queensbury",NY,12804,
"Friends of Strays Inc",nbarabas@hotmail.com,,"Flushing",NY,11354,
"Friends4PoundPaws, Inc.",friends4poundpaws@gmail.com,315-842-7297,"Gouverneur",NY,13642,
"Fur Babies",kobemnstr@hotmail.com,,"East Rockaway",NY,11518,
"Fur Every Paws' Sake / Hopeful Tails - Orange County",reclaimeddignity@gmail.com,,"Bloomingburg",NY,12721,
"Fur Real",furrealnyc@gmail.com,,"New York",NY,10009,
"Furballs Rescue Inc",furballsrescueny@gmail.com,(518) 209-2583,"Schenectady",NY,12303,
"FurBridge, Inc.",help@furbridge.org,914-295-2652,"Ardsley",NY,10502,
"Furever After Rescue",fureverafterrescue@hotmail.com,(315) 440-2340,"Clay",NY,13041,
"Furever Friends",ffrescueinfo@gmail.com,585-285-0445,"Rochester",NY,14616,
"FURRR 911",furrr911@gmail.com,(914) 761-6735,"Crompond",NY,10517,
"German Shepherd Rescue of NY, Inc.",gsrescueny@gmail.com,,"Delmar",NY,12054,
"Gertie's Small Dog Rescue",pooch@twcny.rr.com,315-593-7966,"Fulton",NY,13069,
"Get A Bull, Inc",getabullrescue@gmail.com,516-714-4403,"Huntington",NY,11743,
"Gimme Shelter Animal Rescue",adoptions@gimmeshelteranimalrescue.org,,"Sagaponack",NY,11962,
"Give Me Shelter Project",givemeshelterproject@gmail.com,(917) 410-5900,"Flushing",NY,11358,
"Going To The Dogs Rescue",goingtothedogsmail@yahoo.com,,"Perry",NY,14530,
"Golden Paw Society, Inc.",goldenpawsociety@gmail.com,631.729.1307,"Huntington",NY,11743,
"Good Shepherd K9 Rescue - K9adopt",sherry427@verizon.net,518-393-0755,"Schenectady",NY,12306,
"Goshen Humane Society Inc.",goshenhumanesociety@gmail.com,845 294-3984,"Goshen",NY,10924,
"Grateful Doggies Rescue Retreat",gdrrny@gmail.com,,"Middletown",NY,10940,
"Grateful Paw Cat Shelter, LAPH",cats@laphuntington.org,(631) 757-4517,"Huntington",NY,11743,
"Guardian Angel Rescue",gina@guardianangelrescue.org,,"Brewster",NY,10509,
"Guilderhaven, Inc",brightsky@nycap.rr.com,(518) 461-0251,"Niskayuna",NY,12309,
"H.A.L.O. (Helping Animals Live Organization)",fabunk@gmail.com,315 985-3738,"Little Falls",NY,13365,
"H.O.P.E",info@hopeanimalrescue.org,(518) 428-2994,"Wilton",NY,12831,
"Hamburg Mutts for Freedom",hamburgmutts@gmail.com,,"Derby",NY,14047,
"Happy Cat Rescue Inc.",chuckscatlady@nycap.rr.com,(518) 334-3195,"Guilderland Center",NY,12085,
"Happy Life Animal Rescue",happylifeanimalrescue@gmail.com,845-216-4221,"Patterson",NY,12563,
"Happy Tails Dog Rescue, Inc.",adopt@happytailsdogrescueli.org,,"Smithtown",NY,11787,
"HEART Animal Rescue & Adoption Team Inc.",heart1@heartforanimals.org,(716) 648-4742,"Hamburg",NY,14075,
"Heart of Niagara Animal Rescue, Inc.",heartofniagara@hotmail.com,716-345-7129,"Lockport",NY,14094,
"Heart of the Catskills Humane Society",info@heartofthecatskills.org,(607) 746-3080,"Delhi",NY,13753,
"HEART Rescue Group, Inc.",troman0218@hotmail.com,917 751-5039,"New Hyde Park",NY,11040,
"HeartsHerd Animal Sanctuary",info@heartsherd.com,518-469-9220,"Buskirk",NY,12028,
"Heaven Can Wait Rescue",heavencanwaitny@gmail.com,,"New City",NY,10956,
"Heaven Sent Animal Rescue, Inc",marlen318@aol.com,518-522-0668,"Glenville",NY,12325,
"Heavenly Angels Animal Rescue",harescue1@aol.com,(347) 722-5939,"Ozone Park",NY,11417,
"Help Orphan Puppies",rescue@helporphanpuppies.org,,"Albany",NY,12204,
"Helpers 4 Shelters",helpers4shelters@gmail.com,914 357 0101,"Middletown",NY,10940,
"Helping Paw Rescue Northeast Adoptions",helpingpawrescue@gmail.com,,"Roslyn",NY,11576,
"Herkimer County Humane Society",adoptions@herkimercountyhumanesociety.org,(315) 866-3255,"Mohawk",NY,13407,
"Hi-Tor Animal Care Center",info@hitor.org,(845) 354-7900,"Pomona",NY,10970,
"Hollywood Rescue",trentliz@aol.com,845-744-2545,"Pine Bush",NY,12566,
"Homeward Bound Dog Rescue of NY",info@homewardbounddogrescue.com,(518) 424-1738,"Albany",NY,12205,
"Hopewell Rescue",hopewellrescueadopt@gmail.com,,"New York",NY,10128,
"Hornell Area Humane Society",hahs1@yahoo.com,(607) 324-1270,"Hornell",NY,14843,
"Horseheads Community Animal Shelter",office@horseheadscommunityanimalshelter.com,6077393945,"Horseheads",NY,14845,
"Hubbards Hounds Dog Rescue",hubbardshoundsinfo@gmail.com,,"Homer",NY,13077,
"Hudson Valley Animal Rescue and Sanctuary",hudsonvalleyanimalrescue@gmail.com,845-392-4849,"Poughkeepsie",NY,12603,
"Hudson Valley Rottweiler Rescue",rottnrescues@aol.com,845-672-3625,"Cuddebackville",NY,12729,
"Hudson Valley SPCA - Orange County",info@hudsonvalleyspca.org,845-564-6810,"New Windsor",NY,12553,
"Humane Society of Blooming Grove",bghumanesociety@gmail.com,845-496-6199,"Washingtonville",NY,10992,
"Humane Society of Middletown New York",luvyrpets2@gmail.com,(845) 361-1861,"Middletown",NY,10940,
"Humane Society of Port Jervis/Deerpark Inc.",info@pjhumane.org,(845) 856-3677,"Port Jervis",NY,12771,
"Humane Society of Schuyler County",info@schuylerhumane.org,(607) 594-2255,"Montour Falls",NY,14865,
"Humane Society of Walden",hswalden@yahoo.com,(845) 778-5115,"Walden",NY,12586,
"Humane Society of Yates County",hsycdirector@gmail.com,(315) 536-6094,"Penn Yan",NY,14527,
"Humane Urban Group",humaneurbangroup@aol.com,516-869-6882,"Great Neck",NY,11023,
"Hunter Hollow Bunny Bed and Breakfast",ahunter13210@verizon.net,(315) 463-6757,"Syracuse",NY,13210,
"Huntington Shelter and Adoption Center",animalshelter@huntingtonny.gov,631 754-8722,"East Northport",NY,11731,
"IMAGINE Pet Rescue",adopt@imaginepetrescue.org,(904) 571-0455,"Sayville",NY,11782,
"IMPS - Internet Miniature Pinscher Service, Inc. - NY Region",gusminpinrescueorg@yahoo.com,,"Mohegan Lake",NY,10547,
"Infinite Hope",infinitehopeanimalrescue@gmail.com,,"Brooklyn",NY,11217,
"Inky Blue Sea Companion Animal Rescue, Inc.",cassiusdivney@gmail.com,917-688-5633,"New York",NY,10011,
"Italian Greyhound Place",igs@bestweb.net,,"Croton on Hudson",NY,10520,
"Italian Greyhound Rescue Network-NYC/Long Island/NJ/Eastern PA",cityiggies@me.com,,"New York",NY,10003,
"JACKSON'S LEGACY BULLY BREED RESCUE",jacksonslegacy170@gmail.com,(518) 844-1828,"Broadalbin",NY,12025,
"JanineTheBean Rescue, Inc.",janinethebeanrescue@gmail.com,(585) 420-8740,"Rochester",NY,14609,
"Jefferson County S.P.C.A.",jcspca@yahoo.com,(315) 782-3260,"Watertown",NY,13601,
"Jennys Hope Rescue, Inc",jennyshoperescue@aol.com,(914) 242-1812,"Mount Kisco",NY,10549,
"K9 Safehouse Rescue",barbara@k9safehouse.org,,"Bardonia",NY,10954,
"K9Kastle",k9kastle@gmail.com,,"New York",NY,10003,
"Karma K-9 Rescue Inc.",stephanie@karmak9.org,(518) 461-3954,"Albany",NY,12209,
"Karols Kats Cat Adoption",clmoney001@gmail.com,315-288-5207,"Brewerton",NY,13029,
"Kent Animal Shelter Inc.",info@kentanimalshelter.com,631-727-5731,"Calverton",NY,11933,
"Kindness for Kitties",info@kindnessforkitties.org,631-397-1708,"Amityville",NY,11701,
"Kings Highway Cat Rescue",khcrmail@aol.com,email only,"Brooklyn",NY,11234,
"Kitkat Rescue and Adoption",troopersquirrelmom@hotmail.com,315-736-6082 for any information call,"New Hartford",NY,13413,
"Kitten Angels",adoptions@kittenangels.org,(518) 573-9906,"Delmar",NY,12054,
"Kitten Korner Rescue, Inc.",kittenkornerrescue@yahoo.com,(585) 233-7810,"Springwater",NY,14560,
"KittyCorner of CNY Inc.",catresq@twcny.rr.com,315-457-4420,"Liverpool",NY,13088,
"KittyKaretakers of Queens",kittykaretakers@gmail.com,(718) 670-7221,"Woodside",NY,11377,
"Kodi's Club",hope42705@hotmail.com,,"Patterson",NY,12563,
"Korean K9 Rescue",koreank9rescue@gmail.com,,"Long Island City",NY,11101,
"Lab Lovers Rescue formerly known as Rudys Rescue",info@labloversrescue.org,,"Henrietta",NY,14467,
"Lake Country Veterinary Clinic",lcvconeill@hotmail.com,315-673-4858,"Marcellus",NY,13108,
"Last Chance Animal Rescue",adoptions@lcarescue.org,(631) 478-6844,"Southampton",NY,11968,
"Last Hope Inc.",info@lasthopeanimalrescue.org,,"Wantagh",NY,11793,
"League for Animal Protection of Huntington - Dog Program",lapdogz@msn.com,(631) 757-9373,"Huntington",NY,11743,
"LI Chihuahua Rescue, Inc.",info@lichirescue.org,,"Mastic Beach",NY,11951,
"LI Kitties",likitties@optonline.net,631 987-8152,"Speonk",NY,11972,
"Lifeline Fosters Northeast",phymar9@hotmail.com,,"Binghamton",NY,13903,
"Lindas Feral Cat Assistance",pennycat45@hotmail.com,(718) 570-1786,"Woodside",NY,11377,
"Little Angels Animal Sanctuary, Inc",pb505@yahoo.com,(716) 338-6068,"Sherman",NY,14781,
"Little Mews Rescue",littlemews@yahoo.com,(607) 336-2287,"Norwich",NY,13815,
"Little Shelter Animal Rescue",info@littleshelter.com,(631) 368-8770,"Huntington",NY,11743,
"Liza's Friends",envysmom04@gmail.com,(585) 483-2520,"Dobbs Ferry",NY,10522,
"Logan's Rescue",logans.rescue@yahoo.com,,"Ontario",NY,14519,
"Lollypop Farm, Humane Society of Greater Rochester",info@lollypop.org,(585) 223-1330,"Fairport",NY,14450,
"Long Beach Humane Society",longbeachhumanesociety@gmail.com,(516) 594-1721,"Long Beach",NY,11561,
"Long Island Bulldog Rescue",longislandbulldogrescue@gmail.com,631-689-6245,"Stony Brook",NY,11790,
"Long Island Feline Adoption Center (LIFAC)",l.khanton@li-cat.org,631-360-3611,"Smithtown",NY,11787,
"Long Island Greyhound Connection, Inc",kathy@ligc.org,631-388-2202,"West Babylon",NY,11704,
"Long Island Rabbit Rescue Group",info@longislandrabbitrescue.org,516-510-3637,"Great Neck",NY,11021,
"Long Road Home",lrhrescue@gmail.com,5164593509,"Manhasset",NY,11030,
"Lost and Found Pets Staten Island",lostnfoundpets@gmail.com,(917) 816-1519,"Staten Island",NY,10312,
"Louie's Legacy Animal Rescue",newyork@louieslegacy.org,(646) 397-5527,"Staten Island",NY,10302,
"Love of Animals Rescue",loveofanimalsrescue@hotmail.com,(203) 661-6563,"Mahopac",NY,10541,
"Lucky Black Cats of Mew York",luckyblackcatsofmewyork@gmail.com,,"Flushing",NY,11355,
"MAD Rescue of WNY",jen13869@aol.com,,"Albion",NY,14411,
"Magic's Mission Beagle and Hound Rescue",magicsmissiondogrescue@gmail.com,,"East Amherst",NY,14051,
"Magnificat Cat Rescue",magnificatrescue2@gmail.com,,"Bronx",NY,10471,
"Mama Chris Animal Rescue Inc.",mamachrisrescue@gmail.com,(347) 475-8228,"Staten Island",NY,10307,
"Manhattan Valley Cat Rescue",irriman@verizon.net,,"New York",NY,10025,
"Massena Humane Society",mhsociety@verizon.net,315-764-1330,"Massena",NY,13662,
"MDW Feline Rescue",magskittens@yahoo.com,845-564-1658,"Newburgh",NY,12550,
"Metropolitan Maltese Rescue",metromalts@malteserescue.com,(646) 926-7165,"New York",NY,10021,
"Mid Hudson Animal Aid",info@midhudsonanimalaid.org,(845) 831-4321,"Beacon",NY,12508,
"Midogrescue Foundation",midogrescue@gmail.com,(518) 797-3284,"Westerlo",NY,12193,
"Mighty Mutts",info@mightymutts.org,,"Brooklyn",NY,11214,
"Montgomery County SPCA",info@mc-spca.org,(518) 842-8050,"Amsterdam",NY,12010,
"Mr. Bones & Co.",info@mrbonesandco.org,,"New York",NY,10011,
"Mt. Vernon Animal Shelter",mtvernonanimalshelter@gmail.com,914-665-2444,"Mt. Vernon",NY,10550,
"Muddy Paws Rescue",adoptions@muddypawsrescue.org,(646) 598-7297,"New York",NY,10003,
"Muffin's Pet Connection",judespets@aol.com,718 833 7988,"Brooklyn",NY,11209,
"My Hope's In You Small Animal Rescue, Inc.",myhopesinyou@yahoo.com,,"Poughkeepsie",NY,12603,
"National Brittany Rescue & Adoption Network",jbbstudio@comcast.net,,"Baldwinsville",NY,13027,
"National Great Pyrenees Rescue",renpyrgroup@yahoo.com,(877) 739-3582,"Beacon",NY,12508,
"Neighborhood Cats Inc.",headcat@neighborhoodcats.org,(212) 662-5761,"New York",NY,10025,
"New Beginnings Cat and Kitten Adoptions, Inc.",kurlzzz@optonline.net,5166329406,"Baldwin",NY,11510,
"New Hope Rescue Ranch",newhoperescueranch@hotmail.com,(631) 605-2611,"Central Islip",NY,11722,
"New York Bully Crew",newyorkbullycrew@gmail.com,844-633-6922,"East Patchogue",NY,11772,
"New York City Feral Cat Initiative",adoption@nycferalcat.org,,"New York",NY,10001,
"New York State Retriever Rescue, Inc,",nysrr@yahoo.com,516-828-1177,"Deer Park",NY,11729,
"New2U Rescues",new2urescue@gmail.com,(585) 371-8884,"Rochester",NY,14615,
"Newburgh SCATS",ldnewburghscats@aol.com,(845) 236-4574,"Newburgh",NY,12550,
"Niagara SPCA",l.zaninovich@niagaraspca.org,(716) 731-4368,"Niagara Falls",NY,14304,
"North Brooklyn Cats",norhbkcats@gmail.com,,"Brooklyn",NY,11211,
"North Country Pet Adoption Services, inc.",info@northcountrypetadoption.org,,"Glenfield",NY,13343,
"North Country SPCA",northcountryspca@yahoo.com,(518) 873-5000,"Westport",NY,12993,
"North fork animal welfare league / Riverhead animal Shelter",beashelterhero@gmail.com,(631) 369-6189,"Peconic",NY,11958,
"North Shore Animal League America",adoptions@animalleague.org,(516) 883-7575,"Port Washington",NY,11050,
"Northeast Avian Rescue",adopt@rescueparrots.org,518-708-6091,"East Greenbush",NY,12061,
"Northeast Boston Terrier Rescue Inc.",debra_brigham@yahoo.com,,"New York",NY,10036,
"Northern Chautauqua Canine Rescue Inc.",adoptions@caninerescue.org,(716) 326-7297,"Westfield",NY,14787,
"Northport Cat Rescue Association Inc.",ncra@optimum.net,(631) 606-2631,"Northport",NY,11768,
"Northstar Placement",2ndchancepets@gmail.com,Please email us !,"Nanuet",NY,10954,
"Nuts for Mutts Rescue, Inc.",info@nutsformuttsrescue.com,585-210-3647 (DOGS),"Rochester",NY,14625,
"NY PET-I-CARE ADOPTION PROGRAM",nypeticare@aol.com,212 614-7194,"New York",NY,10002,
"NYC Bronx Westchester Cat Coalition / NYC Cat Coalition",nycatcoal@yahoo.com,718 671-1695,"Port Chester",NY,10573,
"NYC New Beginning Animal Rescue",newbeginninganimalrescue@gmail.com,,"Bronx",NY,10462,
"NYS Chapter of the HRS/THE Rabbit Resource",hazelbert@roadrunner.com,,"Washington Mills",NY,13479,
"Oliver's Orphan Oasis",carolyn@oliversorphanoasis.org,(718) 541-8603,"Putnam Valley",NY,10579,
"Ollie's Angels Animal Rescue",info@olliesangelsanimalrescue.org,,"Greenlawn",NY,11740,
"One Love Pet Adoptions",adoptions@riversidepet.com,(585) 571-4307,"Scottsville",NY,14546,
"Ontario County Humane Society",officemanager@ontariocountyhumanesociety.org,(585) 396-4590,"Canandaigua",NY,14424,
"Open Arms Rescue Of WNY",oarwny@gmail.com,,"Akron",NY,14001,
"Operation Buddy Rescue LLC",karla@operationgypsy.org,,"Rochester",NY,14612,
"Orange Street Cats, Inc.",osc@orangestreetcats.org,(518) 533-5242,"Albany",NY,12201,
"Oswego Animal Shelter",tailwags46@gmail.com,315-343-1803,"Oswego",NY,13126,
"Oswego County Humane Society Inc.",ochscontact@hotmail.com,(315) 207-1070,"Oswego",NY,13126,
"Our Best Friends Rescue",ourbestfriendsrescue@gmail.com,,"Freeport",NY,11520,
"P.A.N.T.",adoption@pant.org,845-486-7075 ext.1,"Salt Point",NY,12578,
"P.L.U.T.O. (Pet Lovers United Together as One)",plutorescue@aol.com,(718) 227-0553,"Staten Island",NY,10314,
"Pals4Pets Rescue",pals4petslb@aol.com,(585) 260-7665,"Kendall",NY,14476,
"Paradise Garden Animal Haven",paradisegardenah@yahoo.com,(607) 458-5785,"Woodhull",NY,14898,
"Paul the Cat Guy Inc",adoptions@paulthecatguy.com,,"Astoria",NY,11105,
"Paw Pact Alliance, Inc.",mpekar1@optonline.net,(516) 356-0558,"Farmingville",NY,11738,
"Paws Crossed Animal Rescue Inc.",adoptions@pawscrossedny.org,(914) 372-7878,"Elmsford",NY,10523,
"Paws of Hope",ddann2013@live.com,518-653-6128,"Leeds",NY,12451,
"Paws Unite People",adoptions@pawsunitepeople.com,,"Rocky Point",NY,11778,
"Paws Unlimited",pawsunlimited@gmail.com,845-336-7297,"Kingston",NY,12401,
"Pawsome Pet Rescue",danielle@pawsomepetrescue.org,,"Kings Park",NY,11754,
"Pawz and Purrz Animal Rescue",pawzandpurrz17@yahoo.com,(888) 506-7727,"Painted Post",NY,14870,
"People Animals Team-up Successfully Inc (PATS)",feralpats@yahoo.com,,"Baldwin",NY,11510,
"People for Animal Welfare Society/Paws",paws14411@gmail.com,(585) 589-6397,"Albion",NY,14411,
"Peppertree Rescue",rescue@peppertree.org,518-435-7425,"Albany",NY,12220,
"Perfect Pets Rescue",perfectpetsresc@aol.com,,"Red Hook",NY,12523,
"Pet Adoption League",jjmjohnson27@aol.com,,"Yonkers",NY,10704,
"Pet Adoption League of New York, Inc.",palofny501c3@gmail.com,631-499-7082,"Dix Hills",NY,11746,
"Pet Adoption Network",info@petadoptionnetwork.org,(585) 338-9175,"Rochester",NY,14622,
"Pet Pride of New York",ppny@wny.twcbc.com,585 742 1630,"Victor",NY,14564,
"Pet Rescue",nypetrescue@gmail.com,914 835-3332,"Larchmont",NY,10538,
"Pet the Pet Program, Inc.",reverence@fltg.net,,"Trumansburg",NY,14886,
"Pets Alive",adoptions@petsalive.com,(845) 386-9738,"Middletown",NY,10940,
"Pets Alive WNY",adoptions@petsalivewny.org,(716) 247-5090,"Pendleton",NY,14120,
"Pets Stop Here Inc",petstophererescue@gmail.com,(585) 490-9939,"Rochester",NY,14606,
"Pets4Luv Foundation",info@pets4luv.org,(516) 832-8200,"Westbury",NY,11590,
"Pibbles & More Animal Rescue",stefpmar@gmail.com,,"Binghamton",NY,13901,
"Piece of Heaven Kitten Adoption",cats15@verizon.net,,"Eden",NY,14057,
"Pioneers for Animal Welfare Society Inc (PAWS)",jo@paws-li.org,(631) 306-4616,"Huntington",NY,11743,
"Pit Of Our Souls Rescue Inc",pitofoursoulsrescue@gmail.com,(516) 308-6221,"Levittown",NY,11756,
"Pitter..Patter..Paws..",dawnmreilly@aol.com,,"Lake Ronkonkoma",NY,11779,
"Pitty Love Rescue",pittyloverescue@gmail.com,www.pittyloverescue.org,"Rochester",NY,14619,
"Pixie Mamas Rescue",info@pixiemamasrescue.com,,"Buffalo",NY,14220,
"Place For Cats",lancastermia@verizon.net,212-751-2093,"New York",NY,10150,
"Posh Pets Rescue",mslondonspets@aol.com,,"Long Beach",NY,11561,
"Potsdam Humane Society Inc.",shelter@potsdamhumanesociety.org,(315) 265-3199,"Potsdam",NY,13676,
"Pound Hounds and Friends, Inc.",poundhoundswny@gmail.com,716-310-7644,"Buffalo",NY,14226,
"Pound Hounds Res-Q",poundhoundsresq@gmail.com,,"New York",NY,10011,
"PRECIOUS PAWS",preciouspawscatrsq@yahoo.com,,"Cornwall",NY,12518,
"Precious Paws Rescue",preciouspawsrescue@yahoo.com,716-512-5521,"North Tonawanda",NY,14120,
"Project Cat Inc",info@projectcat.org,(845) 687-4983,"Accord",NY,12404,
"Project Pet, Inc.",friends@projectpetinc.org,,"New York",NY,10002,
"Pups and stuff",valmartin730@yahoo.com,(845) 249-7119,"Staatsburg",NY,12580,
"PupStarz Rescue",pupstarzrescue@gmail.com,,"New York",NY,10010,
"Purrs and Whiskers",bcxtoby@yahoo.com,(315) 404-2694,"New Hartford",NY,13413,
"Putnam Humane Society",shelter@puthumane.org,845-225-7777,"Carmel",NY,10512,
"Rabbit Rescue & Rehab",nyc.metro.rabbits@gmail.com,,"New York",NY,10035,
"Ready For Rescue",readyforrescue@gmail.com,,"New York",NY,10280,
"Rebound Hounds",reboundhounds@gmail.com,,"New York",NY,10017,
"Recycle-A-Bull Bully Breed Rescue",recycle_a_bull@yahoo.com,,"Clay",NY,13041,
"Red Hook Dog Rescue",vulpe22a@mtholyoke.edu,,"Brooklyn",NY,11231,
"Redemption Rescues, Inc",sloane@redemptionrescues.org,,"Seaford",NY,11783,
"Reenies Rabbit Rescue",reeniesrabbitrescue@gmail.com,845.591.7751,"Salisbury Mills",NY,12577,
"Regional Animal Shelter, Inc",admin@regionalanimalshelter.org,518-725-5956,"Gloversville",NY,12078,
"Renate's Fosters",renatesfosters@gmail.com,(315) 407-1998,"Camillus",NY,13031,
"Rescue City",dana@rescuecity.nyc,646-535-9710,"Brooklyn",NY,11223,
"Rescue Dogs Rock NYC",info@rescuedogsrocknyc.org,,"New York",NY,10075,
"Rescue Me K9 Rescue, Inc.",krntrn369@yahoo.com,315-271-5234,"Oneida",NY,13421,
"Rescue Pit, Inc.",adopt@rescuepit.org,,"Rochester",NY,14610,
"Rescue Pups",rescuepup585@gmail.com,5854661964,"Friendship",NY,14739,
"Rescued Treasures Pet Adoptions",rescuedtreasuresadoptions@gmail.com,,"Rochester",NY,14612,
"RescueNYC",info@rescuenyc.org,,"New York",NY,10014,
"Rescuzilla",adopt@rescuzillanyc.org,,"New York",NY,10017,
"Rilee's Legacy",rileeslegacy@gmail.com,3154817843,"Ontario",NY,14519,
"Road to Home Rescue Support",adopt@roadtohomerescue.org,,"Wantagh",NY,11793,
"Roanchar Ranch Draft Horse Rescue",roancharranchrescue@outlook.com,7162897370,"Varysburg",NY,14167,
"Rock n' Rescue",rocknrescue1@gmail.com,(585) 746-4609,"South Salem",NY,10590,
"Ronkonkoma Cat Helpers",boardybarngirl50@aol.com,(631) 816-3298,"Ronkonkoma",NY,11779,
"Rottie Empire Rescue",rottieempirerescue@gmail.com,,"Saratoga Springs",NY,12866,
"RSVP Inc. (Responsible Solutions for Valued Pets)",info@rsvpinc.org,(631) 533-2738,"East Moriches",NY,11940,
"Ruff House Rescue",rhrpet@gmail.com,,"Freeport",NY,11520,
"Safe At Last Animal Rescue, Inc.",cindy@safeatlast.net,,"Fultonham",NY,12071,
"Saratoga County Animal Shelter",cswan@saratogacountyny.gov,(518) 885-4113,"Ballston Spa",NY,12020,
"Save-A-Pet",saveapetofniagara@yahoo.com,716-559-3020,"Newfane",NY,14108,
"Save-A-Pet Animal Rescue",saveapetny@yahoo.com,(631) 473-6333,"Port Jefferson Station",NY,11776,
"Saving Animals Gently on Earth",sage1014@yahoo.com,,"Medina",NY,14103,
"SBU Cat Network",sbucat@stonybrook.edu,,"Stony Brook",NY,11794,
"Second Chance Animal Rescue Inc.",info@scarny.org,516-448-5096 TEXT MSG,"Copiague",NY,11726,
"Second Chance Boxer Rescue - NY",juliescbr@gmail.com,,"Hamburg",NY,14075,
"Second Chance Canine Adoption Shelter",friendsofsecondchance@gmail.com,315-435-5584,"Jamesville",NY,13078,
"Second Chance Cat Rescue, Inc.",nbell1@mac.com,,"Saint Johnsville",NY,13452,
"Second Chance Rescue",scradoptables@gmail.com,,"Flushing",NY,11354,
"Second Chance Sheltering Network Inc.",infoatsecondchan@gmail.com,(716) 652-6051,"Spring Brook",NY,14140,
"Second Chance Thoroughbreds, Inc.",sctottbs@gmail.com,607-589-7669,"Spencer",NY,14883,
"Senior Pets NYC/Saving Older Beagles",joansdogs@aol.com,,"New York",NY,10009,
"SHARP of NY",huskyrescue@optonline.net,(631) 921-8738,"Rocky Point",NY,11778,
"Shelter Chic",info@shelterchic.org,,"New York",NY,10007,
"Shelter Link",rita@shelterlink.com,(516) 458-3103,"Islip",NY,11751,
"Shepherds Hope Rescue",toomanyshepherds@aol.com,,"Glen Head",NY,11545,
"Sindee's Strays, Inc.",sinstrays@aol.com,(914) 788-0358,"Cortlandt Manor",NY,10567,
"Small World Animal Rescue",smallworld@smallworldrescue.org,,"New York",NY,10024,
"Smithtown Animal Shelter",linzerillo@tosgov.com,(631) 360-7575,"Smithtown",NY,11787,
"SNARR Northeast",courtney@snarrnortheast.org,9144946456,"White Plains",NY,10602,
"Social Tees Animal Rescue Foundation",adoptions@socialteesnyc.org,,"Manhattan",NY,10009,
"Southampton Animal Shelter Foundation",adoptions@sasfinc.org,(631) 728-PETS (7387),"Hampton Bays",NY,11942,
"Southern Tier Animal Rescue  Inc ( S.T.A.R. )",starsorphans@yahoo.com,,"Belfast",NY,14739,
"SPCA in Cattaraugus County",jobs.spcacattco@yahoo.com,716-372-8492,"Olean",NY,14760,
"SPCA of Tompkins County",adoptions@spcaonline.com,607 257-1822 ext. 221,"Ithaca",NY,14850,
"SPCA of Upstate New York",adoptions@spcauny.org,(518) 798-3500,"Queensbury",NY,12839,
"SPCA of Westchester",shelter@spca914.org,914-941-2896,"Briarcliff Manor",NY,10510,
"SPCA Serving Allegany County",spcaallegany@gmail.com,585 593 2200,"Wellsville",NY,14895,
"SPEAK Animal Hospital & Cat Sanctuary",speakoffice@aol.com,607-729-7368,"Binghamton",NY,13905,
"Spring Farm CARES",margot@springfarmcares.org,(315) 737-9339,"Clinton",NY,13323,
"STAR (Save The Animals Rescue) Foundation",info@savetheanimalsrescue.org,631-736-8207,"Middle Island",NY,11953,
"Staten Island Council for Animal Welfare",sicaw1972@yahoo.com,(718) 948-5623,"Staten Island",NY,10312,
"Staten Island Hope Animal Rescue",adoptions@statenislandhoperescue.org,(800) 477-9168,"Staten Island",NY,10314,
"Stray From The Heart",adopt@strayfromtheheart.org,(212) 726-3647,"New York",NY,10023,
"Stray Haven Humane Society and S.P.C.A. Inc.",adopt@strayhavenspca.com,607-565-2859,"Waverly",NY,14892,
"Stray Help",adoptions@strayhelp.org,(845) 206-9021,"Fishkill",NY,12524,
"Sugar Mutts Rescue",sugarmuttsrescue@yahoo.com,646-732-3795,"Brooklyn",NY,11206,
"Sullivan County SPCA",sullivanspca@yahoo.com,(845) 796-3120,"Rock Hill",NY,12775,
"Sunshine Horses, Inc.",sunshinehorsesinc@gmail.com,(315) 456-9380,"Syracuse",NY,13209,
"Suruluna Animal Rescue",surulunainfo@gmail.com,(917) 533-0701,"Pine Bush",NY,12566,
"SusieQ Dog ResQ",papillon1254@rochester.rr.com,,"Conesus",NY,14435,
"Susquehanna Animal Shelter",cobrien@thesas.org,607-547-8111,"Cooperstown",NY,13326,
"Sweetest Dog Rescue",sweetestdogrescue@gmail.com,(631) 749-5533,"Shelter Island",NY,11964,
"Tails of Love Animal Rescue, Inc.",cece@tailsofloverescue.org,,"Staten Island",NY,10302,
"Tanner's P.A.W.S.",adopt@tannerspaws.org,866-982-6637,"Corning",NY,14830,
"Tavi & Friends",adopt@taviandfriends.org,,"Brooklyn",NY,11209,
"Tender Loving Cats, Inc",adoptions@tenderlovingcats.org,(516) 417-7330,"North Babylon",NY,11703,
"Test Inactive Shelter - No Adoptable Pets",brent@petfinder.com,(201) 333-3333,"new york",NY,10001,
"The Animal Project",animalprojectnyc@gmail.com,(615) 364-5236,"New York",NY,10040,
"The Animal Support Project",taspinfo@yahoo.com,518-727-8591,"Cropseyville",NY,12052,
"The Home Stretch Dog Haven",thehomestretchdoghaven@gmail.com,(607) 379-0790,"Moravia",NY,13118,
"The Humane Society",info@bchumanesoc.com,607-724-3709,"Binghamton",NY,13903,
"The Joshua Fund Dog Rescue",info@joshuafundrescue.org,(518) 523-1690,"Jay",NY,12941,
"The Lakeshore Humane Society",lakeshorehumanesociety@yahoo.com,716-672-1991,"Dunkirk",NY,14048,
"The Mia Foundation",loveformia2012@yahoo.com,,"Rochester",NY,14612,
"The North Fork Animal Welfare League",manager@nfawl.org,631-765-1811,"Southold",NY,11958,
"The North Fork Country Kids",northforkcountrykidsrpp@gmail.com,(631) 655-8538,"Riverhead",NY,11901,
"The Patricia H. Ladew Foundation",info@theladewcatsanctuary.org,(516) 922-2287,"Oyster Bay",NY,11771,
"The Poor Animals of St. Francis Inc.",petsofstfrancis@aol.com,718-822-0043,"New York",NY,10465,
"The Sato Project",adoption@thesatoproject.com,,"Brooklyn",NY,11231,
"The Second Hand Dog Rescue",secondhanddogrescue@gmail.com,(585) 305-5111,"Rochester",NY,14609,
"The Silver Lining for Pit Bulls",skye@roadrunner.com,,"Kenmore",NY,14217,
"The Ten Lives Club",tenlivesclub@yahoo.com,(716) 646-5577,"Hamburg",NY,14075,
"The Upper Paw Professional Dog Training and Rescue",theupperpaw2@aol.com,845-225-6628,"Holmes",NY,12531,
"The Woof Wagon",awilkins23@yahoo.com,,"Rochester",NY,14613,
"Theres Hope Dog Rescue",thereshopedogrescue@yahoo.com,,"Freeville",NY,13068,
"Timber's Legacy, Inc.",info@timberslegacy.org,,"Middle Village",NY,11379,
"Tiny Paws Big Hearts Rescue",tinypawsbigheartsrescue@hotmail.com,,"North Tonawanda",NY,14120,
"Tiny Treasures Rescue",kathy@tinytreasuresrescue.com,(914) 965-3725,"Valley Cottage",NY,10989,
"tlc Rescue",info@tlcrescue.org,914-434-7436,"Mount Vernon",NY,10552,
"Tommy's House Animal Rescue",linnyscats@yahoo.com,,"Shirley",NY,11967,
"Town and  Country K9 ResQ LTD.",jen@townandcountryk9resq.com,(917) 929-4810,"Cortlandt Manor",NY,10567,
"Town of Babylon Animal Shelter",baarc@townofbabylon.com,(631) 643-9270,"West Babylon",NY,11704,
"Town of Newburgh Animal Control & Shelter",animalcontrol@townofnewburgh.org,845 561-3344,"Newburgh",NY,12550,
"Town of North Hempstead Animal Shelter",tsc@theshelterconnection.com,(516) 944-8220,"Port Washington",NY,11050,
"Town of Oyster Bay Animal Shelter",tobayshelter@oysterbay-ny.gov,516-677-5784,"Syosset",NY,11791,
"Town of Rosendale",capteph@aol.com,(845) 389-2205,"Rosendale",NY,12472,
"Town of Saugerties Animal Shelter",gmonfett@hvc.rr.com,(845) 679-0339,"Saugerties",NY,12477,
"Tri-Lakes Humane Society",tlhsny@hotmail.com,(518) 891-0017,"Saranac Lake",NY,12983,
"Tuff Tails Animal Rescue",info@tufftails.org,,"Levittown",NY,11756,
"Ulster County SPCA",info@ucspca.org,845-331-5377,"Kingston",NY,12401,
"Underdogs",bbrd325@aol.com,(607)639-4205,"Afton",NY,13730,
"United Friends of Homeless Animals",ufhashelter@yahoo.com,(315) 298-4733,"Richland",NY,13142,
"Unleashed",stacey@unleashedny.org,,"New York",NY,10022,
"Uptown Cats",uptowncatsrescue@gmail.com,(646) 701-1812,"New York",NY,10024,
"Victory 4 the Voiceless Animal Rescue, Inc.",adoptvictory4thevoiceless@gmail.com,,"Staten Island",NY,10301,
"Voice for the Voiceless",simba32188@yahoo.com,(518) 331-6629,"Schenectady",NY,12308,
"Voice4TheVoiceless",voice4thevoicelessadoptions@gmail.com,(315) 937-8372,"Syracuse",NY,13206,
"Volunteers For Animals / Genesee County Animal Shelter",info@vol4animals.org,(585) 343-6410,"Batavia",NY,14021,
"Wagging Tails Dog Rescue NY",info@waggingtailsdogrescueny.com,(914) 295-5030,"Thornwood",NY,10594,
"Waggytail Rescue",waggyadopt@gmail.com,,"New York",NY,10002,
"WaHi Cats (Washington Heights Cat Colony)",info@wahicats.org,,"New York",NY,10033,
"Wanderers' Rest Humane Association",sheltermanager@wanderersrest.org,(315) 697-2796,"Canastota",NY,13032,
"Wayward Paws Inc.",wwpcatrescue@gmail.com,,"New Woodstock",NY,13122,
"Wayward Ranch Animal Sanctuary",wras.adoptions@gmail.com,(914)-949-3416,"White Plains",NY,10607,
"Westfield Stray Cat Rescue",thriftykitty@fairpoint.net,(716) 326-2404,"Westfield",NY,14787,
"Whiskers Animal Benevolent League",admin@ewhiskers.com,518-458-2287,"Albany",NY,12211,
"Willow's Wings",willow6226@gmail.com,607 222 1366,"Maine",NY,13802,
"Woof Dog Rescue Inc.",aschant@yahoo.com,,"New York",NY,10028,
"Wooftown Rescue Inc",rescue@wooftowndoggydaycare.com,,"Rochester",NY,14624,
"Wyoming County SPCA",admin@wyomingcountyspca.org,585-591-3114,"Attica",NY,14011,
"Yonkers Animal Shelter",lesliem147@gmail.com,(201) 981-3215,"Yonkers",NY,10704,
"Yonkers Humane Society Inc.",enviro3232@aol.com,(914) 751-7870,"Yonkers",NY,10702,
"Yorkie911 Rescue, Inc.",yorkie911rescue@gmail.com,631-965-6418,"Deer Park",NY,11729,
"Zanis Furry Friends ZFF, Inc",info@zanisfurryfriends.org,,"New York",NY,10028,
"Zero Stray Pawject",info@zerostraypawject.org,(917) 929-5756,"New York",NY,10023,