Name,Email,Phone,City,State,Zip,Website
"4 Paws Sake, Inc.",info@4pawssake.org,,"Whitehouse",OH,43571,
"4 Pets Clinic",information@4petsclinic.com,(440) 327-0100,"North Ridgeville",OH,44039,
"911 Dog Rescue Inc.",amysadoptables@yahoo.com,,"Eastlake",OH,44095,
"A 2nd Chance Pet Adoptions",mjespelage@yahoo.com,937-764-0406,"Hillsboro",OH,45133,
"A New Leash On Life Rescue",newleashrescue@gmail.com,,"North Olmsted",OH,44070,
"A Purrfect Start",buckey149@yahoo.com,614-448-1488,"Grove City",OH,43123,
"A-Parrot to A-Flamingo Rescue",aparrottoaflamingo@danworld.com,,"Brecksville",OH,44141,
"A.D.O.P.T. - Animals Depend On People Too!",adopt@adoptpetrescue.org,(614) 470-2378,"Westerville",OH,43086,
"AAPCATS",cincyfelines@outlook.com,,"Cincinnati",OH,45238,
"ACOC Angel Fund",jbullis@acocvet.com,(440) 285-9191,"Chardon",OH,44024,
"Adopt A Pit Rescue",inquiry@adoptapitrescue.org,(937) 701-7487,"Germantown",OH,45327,
"Adopt-Aluv Rescue",audrianne@oh.rr.com,440-255-2200,"Mentor",OH,44060,
"Adore-A-Bull Rescue",adoreabullrescue@gmail.com,,"Cincinnati",OH,45229,
"Advocates 4 Animals",petadoptions101@aol.com,Email Only!,"Xenia",OH,45385,
"AJ's Search and Rescue",ajssearchandrescue@gmail.com,,"Akron",OH,44310,
"Alchemy Acres Animal Sanctuary",alchemyacres@aol.com,330-332-4897,"Salem",OH,44460,
"All About The Pawz",lovemydogs7@yahoo.com,(330) 779-1862,"Youngstown",OH,44515,
"All Dogs Come From Heaven Rescue",alldogscfh@gmail.com,,"Amelia",OH,45102,
"All Paws Are Perfect Rescue",apaprescue@gmail.com,,"Leetonia",OH,44431,
"All Species Adoption Program (ASAP)",intake.coord14@gmail.com,419-458-0115,"Carey",OH,43316,
"All Tails Rescue",alltailsrescue@gmail.com,(740) 927-0555,"Pataskala",OH,43062,
"American Lurcher Rescue Project, Inc.",americanlurcherproject@gmail.com,(513) 478-1870,"Westerville",OH,43082,
"Angel's Rest Animal Society",adoption@angelsrestanimalsanctuary.org,(513) 947-2727,"Amelia",OH,45102,
"Angels For Animals",info@angelsforanimals.org,330 549-1111,"Canfield",OH,44422,
"Animal Adoption Foundation",aafpets@yahoo.com,513-737-7387,"Hamilton",OH,45013,
"Animal Care Hospital of Reynoldsburg",animalcarehospital1@yahoo.com,614-864-0465,"Reynoldsburg",OH,43068,
"Animal Charity of Ohio",acoadoption@gmail.com,(330) 788-1064,"Youngstown",OH,44512,
"Animal Friends Humane Society",animalfriendshs@butlercountyohio.org,(513) 867-5727,"Hamilton",OH,45011,
"Animal House Rescue",animalhouserescu@aol.com,(419) 374-0310,"Wauseon",OH,43567,
"Animal Pawtectors",diane@animalpawtectors.com,,"Cortland",OH,44410,
"Animal Protection League of Mercer County, Inc.",info@aplmercer.com,419-586-2887,"Celina",OH,45822,
"Animal Resource Foundation",animalresourcefoundation@gmail.com,(567) 204-1022,"Minster",OH,45865,
"Animal Welfare League of Trumbull County",petsawl@dtinc.net,(330) 539-5300,"Vienna",OH,44473,
"Arrowhead Reptile Rescue",petfinder@arrowheadreptilerescue.org,(513) 442-4377,"Cincinnati",OH,45216,
"Ashland County Dog Shelter",dogshelter@ashlandcounty.org,419-289-1455,"Ashland",OH,44805,
"Ashtabula County Animal Protective League",adoptions@acapl.org,440-224-1222,"Ashtabula",OH,44004,
"Athens County Dog Shelter",award@athensoh.org,740-593-5415,"Chauncey",OH,45719,
"Athens County Humane Society",info@athenshumane.org,740-592-6047,"Athens",OH,45701,
"Auglaize County Humane Society",admin@achs-pets.com,(419) 738-7808,"Wapakoneta",OH,45895,
"BAGS Basset Rescue",info@bagsbassetrescue.org,,"Minerva",OH,44657,
"Barely Used Pets Inc.",barelyusedpets@yahoo.com,937-869-8090,"Urbana",OH,43078,
"Belly Brothers Pig Rescue",bellybrotherspigrescue@gmail.com,5133135829,"Loveland",OH,45140,
"Belmont County Animal Shelter",belmontcoshelter@att.net,740-695-4708,"Saint Clairsville",OH,43950,
"Berea Animal Rescue Fund Shelter",arfinfomanagement@gmail.com,440-234-2034,"Berea",OH,44017,
"Best Friends Forever Rescue",contact@bffohio.org,,"Maumee",OH,43537,
"Black and Orange Cat Foundation",bandocats@gmail.com,614-873-0880 ext. 209,"Plain City",OH,43064,
"Brown Animal Rescue",thehouseofboos@yahoo.com,,"Sardinia",OH,45171,
"Brown County Animal Shelter",bcas@browncountyohio.gov,(937) 378-3457,"Georgetown",OH,45121,
"Buckeye Australian Cattle Dog Rescue",buckeyeacdrescue@gmail.com,,"Massillon",OH,44646,
"Buckeye Basset Hound Rescue",buckeyebassetrescue@gmail.com,(614) 425-9216,"Columbus",OH,43232,
"Buckeye Bulldog Rescue",buckeyebulldogrescue@gmail.com,,"Grove City",OH,43123,
"Buckeye House Rabbit Society (NW Ohio)",bhrs-sue@ohare.org,(419) 355-8433,"Fremont",OH,43420,
"Buckeye's Mission",buckeyethepittie@gmail.com,(440) 344-2686,"Brunswick",OH,44212,
"CAMELOT Puppy Sanctuary",camelotpups@gmail.com,(740) 596-8235,"Mcarthur",OH,45651,
"Canine Collective",info@caninecollective.org,(614) 530-5092,"Delaware",OH,43015,
"Canine Consultants of Cincinnati, LLC",cincinnaticanine@gmail.com,(513) 480-2850,"Maineville",OH,45039,
"Canine Cuties",caninecuties@hotmail.com,,"Mentor",OH,44060,
"Carroll County Dog Pound",dogpound@carrollcountyohio.us,(330) 627-4244,"Carrollton",OH,44615,
"Cat Adoption Team",catadoptionteam@ymail.com,,"Cincinnati",OH,45224,
"Cat Welfare Association",cwashelter@yahoo.com,614-268-6096,"Columbus",OH,43214,
"CATS - Caring About The Street-Cats Rescue",amazinggracellamas@usa.net,,"Perrysville",OH,44864,
"Cats Are People, Too! Club, Inc.",catsarepeopletoo@embarqmail.com,(330) 847-6134,"Warren",OH,44482,
"Cause For Paws",cfpfoster2016@gmail.com,,"Chillicothe",OH,45601,
"Central Ohio Greyhound Rescue Inc.",foster@centralohiogreyhound.org,6142390943,"Columbus",OH,43209,
"Central Ohio Pomeranian Rescue",centralohiopomrescue@gmail.com,,"Delaware",OH,43015,
"Central Ohio Sheltie Rescue",applications@centralohiosheltierescue.org,,"Columbus",OH,43213,
"Charlie's Wish Animal Rescue",charlieswishrescue@gmail.com,6145178695,"Pataskala",OH,43062,
"Cherished Cockers Rescue",cherishedcockersrescue@gmail.com,(440) 209-8813,"Mentor",OH,44060,
"Cincinnati Cats Inc.",info@cincinnati-cats.org,,"Cincinnati",OH,45222,
"Cincinnati Lab Rescue",info@cincinnatilabrescue.org,,"Cincinnati",OH,45230,
"Circle Area Humane Society",cahs1@frontier.com,740-474-8690,"Circleville",OH,43113,
"Circle Tail Inc.",adoption@circletail.org,513.877.3325,"Cincinnati",OH,45162,
"City of Brook Park Animal Shelter",animalcontrol@cityofbrookpark.com,216-265-3647,"Brook Park",OH,44142,
"Clark County Dog Shelter",sclick@clarkcountyohio.gov,(937) 521-2140,"Springfield",OH,45502,
"Clark County SPCA Inc.",krissi@clarkcountyspca.org,9379256602,"Springfield",OH,45506,
"Clermont Pets Alive!",adoptions@clermontpetsalive.org,(513) 279-2276,"Amelia",OH,45102,
"Clermont to the Rescue Humane Society",carol@clermonttotherescue.org,,"Batavia",OH,45103,
"Cleveland Animal Care and Control",citydogs@city.cleveland.oh.us,216-664-3476,"Cleveland",OH,44113,
"Cleveland APL",receptionist@clevelandapl.org,(216) 771-4616 ext. 0,"Cleveland",OH,44113,
"Close to Home Animal Rescue",aquinlan@zoominternet.net,,"McDonald",OH,44437,
"Col. Potter Cairn Rescue Network-GL",cpcrn@cairnrescue.com,,"Medina",OH,44256,
"Columbiana County Dog Pound & Adoption Center",hpecorelli@ccclerk.org,330-424-6663,"Lisbon",OH,44432,
"Columbus Dog Connection",kdifrischia@gmail.com,,"Columbus",OH,43219,
"Columbus House Rabbit Society",danielle@columbusrabbit.org,614-470-0093,"Westerville",OH,43086,
"Columbus Humane",adoption@cahs-pets.org,(614) 777-7387,"Hilliard",OH,43026,
"Columbus Pet Rescue",columbuspetrescue@gmail.com,614-315-6243,"Columbus",OH,43229,
"Community Cat Companions,Inc.",info@community-cat-companions.org,2169565129,"Euclid",OH,44132,
"Companion Hearts Transport",shelleymmc@aol.com,,"Newark",OH,43055,
"Cool Cats",vcannon@ix.netcom.com,614-395-0058,"Gahanna",OH,43230,
"Corgi Rescue of Dayton",cbrickner5006@gmail.com,937-750-5895,"Dayton",OH,43140,
"Coshocton County Humane Society",coshoctoncountyhumanesociety@gmail.com,(740) 575-5829,"Coshocton",OH,43812,
"Cosmo's Buddies",cosmosbuddies@yahoo.com,(440) 864-1441,"Elyria",OH,44035,
"Cozy Cat Cottage Adoption Center",cozycatcottageadoption@gmail.com,614-336-8510,"Powell",OH,43065,
"Crazy Cats Animal Rescue",info@crazycatsanimalrescue.com,513-655-2400,"Cincinnati",OH,45208,
"Creature Comforts",adoptionscc@yahoo.com,,"Carroll",OH,43112,
"Critter Crusaders, Inc.",crittercrusaders911@gmail.com,937-539-8791,"Lakeview",OH,43331,
"Crossed Paws Animal Shelter",apet4u2@hotmail.com,740-934-2693,"Woodsfield",OH,43793,
"Dachshund Rescue of Ohio",wildwienerranch@live.com,,"Lebanon",OH,45036,
"DASH",daniellegraybob@aol.com,7404120369,"Ashville",OH,43103,
"Deacons Hope Rescues",gayle@deaconshoperescue.org,,"Perrysburg",OH,43551,
"Deb's Dogs",dah3844@hotmail.com,(419) 204-6157,"Lima",OH,45805,
"Doberman Underground",dobermanunderground@gmail.com,(330) 382-6496,"Aurora",OH,44202,
"Doggie Detour",doggiedetour@gmail.com,740-251-8527,"Upper Sandusky",OH,43351,
"Dogs Unlimited Rescue",adopt@dogsunlimitedrescue.org,please email,"Cleveland",OH,44128,
"DogWorks Inc. Canine Rescue and Placement",president@dogworksohio.com,,"Toledo",OH,43623,
"DREAM",petsrrpassion@gmail.com,,"West Milton",OH,45383,
"Erie Shores Humane Society",fureverhome@erieshoreshumanesociety.com,(440) 752-6138,"Elyria",OH,44035,
"Euclid Animal Shelter",euclidpetpals2@yahoo.com,(216) 289-2057,"Euclid",OH,44132,
"Every Dog Matters Rescue Group",everydogmatters@yahoo.com,,"Youngstown",OH,44512,
"Every K-9 Counts",everyk9counts@aol.com,,"Clayton",OH,45315,
"F5RS - Frisky Ferrets Fuzzies Feathered Friends Rescue",f5rescue@yahoo.com,,"Youngstown",OH,44507,
"Fairfield Area Humane Society",info@fairhumane.org,(740) 687-0627,"Lancaster",OH,43130,
"Fairfield County Dog Shelter",dshelter@fairfieldcountyohio.gov,(740) 687-3647,"Lancaster",OH,43130,
"Fayette County Dog Shelter",fayette.dogwarden@sbcglobal.net,740-335-6630,"Washington Court House",OH,43160,
"Fayette Humane Society",bhonicker@fayettehumanesociety.com,(740) 335-8126,"Washington Court House",OH,43160,
"Ferrets Unlimited Rescue Services",adoptions@ferretsunlimited.org,(216) 502-2977,"Cleveland",OH,44134,
"For the Love of Pits",shana@fortheloveofpits.org,,"Cleveland",OH,44119,
"Forget Me Not Rescue",forgetmenot_animalrescue@yahoo.com,,"Strongsville",OH,44136,
"Forget-Me-Knot Pet Rescue",forget-me-knot@earthlink.net,330-289-4640,"Parkman",OH,44231,
"Forget-Me-Not Barn Cats",forgetmenotbarncats@gmail.com,(937) 701-9304,"Spring Valley",OH,45370,
"Fort Defiance Humane Society",newbestfriend@fortdefiancehumanesociety.org,(419) 658-2298,"Defiance",OH,43512,
"Foster Parents For Pooches",fosterparentsforpooches@gmail.com,,"Cleveland",OH,44118,
"FosterFurKids",fosterfurkids@gmail.com,,"Thornville",OH,43076,
"Fourgotten Paws Animal Rescue",fourgottenpaws@gmail.com,(513) 206-4858,"Cincinnati",OH,45211,
"Francis Kennels Rescue",fkrescue@gmail.com,(937) 374-1636,"Xenia",OH,45385,
"Franklin County Dog Shelter & Adoption Center",adoptions@franklincountyohio.gov,614-525-3647,"Columbus",OH,43224,
"Free Spirit Rescue",wolfdance3@msn.com,,"Lore City",OH,43755,
"Freedom Greyhound Rescue of Aurora",rescue1.fgr@gmail.com,(330) 562-0555,"Aurora",OH,44202,
"Freedom Rescue",freedomrescueoh@gmail.com,,"Avon Lake",OH,44012,
"Friends For Life Animal Haven",fflah@hotmail.com,614-837-6260,"Canal Winchester",OH,43110,
"Friends of the Shelter Dogs",fosdinfo@gmail.com,,"Athens",OH,45701,
"Friendship Animal Protective League",adoptions@friendshipapl.org,440-322-4321,"Elyria",OH,44035,
"Fulton County Humane Society",fultonohiohumane@gmail.com,(419) 349-3841,"Wauseon",OH,43567,
"Fur-get Me Not Animal Rescue",furgetmenotrescue@gmail.com,,"Atwater",OH,44201,
"Furever Shih Tzu & Companion Dog Rescue - Ohio",kimark7@aol.com,440-000-0000,"Parma",OH,44134,
"Furry New Beginnings",furrynewbeginnings29@yahoo.com,,"Washingtonville",OH,44490,
"Geauga Humane Society",dbondra@geaugahumane.org,440-338-4819,"Novelty",OH,44072,
"GO Boxer Rescue",petfinder@goboxerrescue.com,(937) 277-4652,"Dayton",OH,45405,
"Golden Retriever Rescue Resource",grrradoption@yahoo.com,1-888-980-1326,"Waterville",OH,43566,
"Golden Treasures Golden Retriever Rescue Inc",info@goldentreasuresrescue.org,,"Bath",OH,44210,
"Grateful Hearts Senior Dog Rescue",gratefulheartsseniordogrescue@gmail.com,,"Chillicothe",OH,45601,
"Great Lakes Giant Schnauzer Rescue",glgsr801@yahoo.com,,"Oxford",OH,45056,
"Greater Dayton Lab Rescue",bzymomma4@aol.com,937-830-2020,"Brookville",OH,45309,
"Greene County Animal Care and Control",jtaylor@co.greene.oh.us,(937) 562-7400,"Xenia",OH,45385,
"GRIN - Golden Retrievers In Need Rescue",adoption@grinrescue.org,(216) 229-0295,"Cleveland",OH,44124,
"GSP Care of Ohio Rescue Inc.",gspcareofohio@gmail.com,,"Streetsboro",OH,44241,
"Guernsey County Dog Shelter",tlandaker@guernseycounty.org,(740) 432-2219,"Cambridge",OH,43725,
"Hairy Houdini Siberian Husky Rescue",hairyhoudinihuskyrescue@gmail.com,,"Delta",OH,43606,
"HALO",halok9behavior@gmail.com,513-668-0088,"Xenia",OH,45385,
"Happy Tails of Central Ohio",pegmeadows@gmail.com,(614) 873-7239,"Plain City",OH,43064,
"Happy Tails Pup Partners",happytailsrescue@hotmail.com,,"Lima",OH,45807,
"Happy Trails Farm Animal Sanctuary Inc.",adopt-foster@happytrailsfarm.org,(330) 296-5914,"Ravenna",OH,44266,
"Hardin County Dog Shelter",hcdw@windstream.net,419-674-2209,"Kenton",OH,43326,
"Harlequin Haven Great Dane Rescue",info@hhdane.com,,"Bethel",OH,45106,
"Harrison County Dog Pound",harrisoncountydogpound@yahoo.com,740-942-4080,"Cadiz",OH,43907,
"Hartman Veterinary Hospital",hartman_vet@sbcglobal.net,419-385-7433,"Toledo",OH,43615,
"Hartmans Hounds",hartmanshounds@gmail.com,(440) 984-7014,"Amherst",OH,44001,
"Heart of Ohio Ferret Association and Rescue",hofashelterchair@yahoo.com,(614) 428-0279,"Columbus",OH,43229,
"Heaven's Lil Angels Animal Sanctuary, Inc.",sheree543@yahoo.com,(740) 596-8254,"McArthur",OH,45651,
"Heritage Farms Rescue",heritagefarms08@gmail.com,419-591-6621,"Liberty Center",OH,43532,
"Highland County Dog Pound",highlandcodogpound@gmail.com,937-393-8191,"Hillsboro",OH,45133,
"Highland County Humane Society",highcohumanesociety@gmail.com,,"Hillsboro",OH,45133,
"His Eye Is on the Sparrow Animal Rescue",heiots.animalrescue@gmail.com,(513) 227-8414,"Loveland",OH,45140,
"His Hands Extended Sanctuary",tanya@hishands-extendedsanctuary.com,937-631-1851,"St. Paris",OH,43072,
"Holmes County Dog Warden's Department",holmescountydogwarden@gmail.com,(330) 674-6301,"Millersburg",OH,44654,
"Hood Catz Rescue",hoodcatz@yahoo.com,,"Cleveland",OH,44109,
"House of Mews Rescue",houseofmewsrescue@gmail.com,4404946397,"Cleveland",OH,44124,
"Howl At The Moon Siberian Husky Rescue",howlatthemoon@columbus.rr.com,740-586-8934,"Zanesville",OH,43701,
"Humane Association of Warren County",jh@homelesspets.org,513-695-1176,"Lebanon",OH,45036,
"Humane Ohio",adoptions@humaneohio.org,(419) 250-7925,"Toledo",OH,43613,
"Humane Society of Adams County Inc.",adamscountyanimals@gmail.com,937-544-8585,"West Union",OH,45693,
"Humane Society of Delaware County",hsdcoffice@hsdcohio.org,(740) 369-7387,"Delaware",OH,43015,
"Humane Society of Greater Dayton",info@hsdayton.org,937-268-PETS,"Dayton",OH,45417,
"Humane Society of Hancock County",jess@hancockhumanesociety.com,(419) 423-1664,"Findlay",OH,45840,
"Humane Society of Madison County",adoptions@hsmcohio.org,(614) 879-8368,"West Jefferson",OH,43162,
"Humane Society of Preble County",adoptprebleco@yahoo.com,937-456-PETS (7387),"Eaton",OH,45320,
"Humane Society of Richland County",adoptourstrays@yahoo.com,(419) 774-4795,"Mansfield",OH,44906,
"Humane Society of Sandusky County",humanesocietyofsanduskycounty@yahoo.com,419-334-4517,"Fremont",OH,43420,
"Humane Society of Summit County",info@summithumane.org,(330) 487-0333,"Twinsburg",OH,44087,
"Humane Society of the Ohio Valley",manager@hsov.org,740-373-5959,"Marietta",OH,45750,
"Humane Society serving Crawford Co.",cchs@crawfordhumane.com,(419) 562-9149,"Bucyrus",OH,44820,
"Hunter's Hope Dog Rescue",huntershoperescue@gmail.com,,"Westlake",OH,44145,
"I Have A Dream Rescue Organization",adoption@ihadro.org,,"Blacklick",OH,43004,
"IM DINGO",imdingo@outlook.com,,"Chagrin Falls",OH,44023,
"Independence Animal Shelter",indyshelter@aol.com,216-524-3940,"Independence",OH,44131,
"Indian Summers Border Collie Rescue OAIC, Inc.",animaltalker1@juno.com,330-862-0307,"Minerva",OH,44657,
"Itty Bitty Kitty Committee Inc",ittybittykittycom@yahoo.com,,"Canton",OH,44708,
"Jefferson County Humane Society",petfinder@jc-hs.org,(740) 314-5583,"Wintersville",OH,43952,
"Josephs Legacy",adopt@josephslegacyrescue.org,(513) 465-6454,"Middletown",OH,45042,
"Kaleidoscope K9s",kaleidoscopek9s@yahoo.com,,"Seville",OH,44273,
"Kamm's Cat Guardians",kcgvols@gmail.com,216-659-4434,"Cleveland",OH,44135,
"Kathy Deptola Animal Rescue",kdanimalrescue@gmail.com,(440) 862-0610,"Huntsburg",OH,44046,
"Keepers of the Bond",deneenansley@yahoo.com,,"Dayton",OH,45402,
"Kind Hands 4 Paws",kindhands4paws@gmail.com,(740) 819-5328,"Zanesville",OH,43702,
"Kitten Krazy Inc.",wynnek@kittenkrazy.org,330-591-4408,"Medina",OH,44256,
"Knox County Animal Shelter",dogwarden@co.knox.oh.us,740-393-6713,"Mount Vernon",OH,43050,
"Knox County Humane Society",sheltera@yahoo.com,7403922287,"Mount Vernon",OH,43050,
"Labrador Retriever Rescue of Cincinnati,Inc.",info@rescuealab.com,513-543-3000,"Cincinnati",OH,45255,
"Lake Erie Labrador Retriever Rescue",ed@lelrr.org,(419) 885-2471,"Medina",OH,44256,
"Lake Humane Society",adopt@lakehumane.org,(440) 951-6122,"Mentor",OH,44060,
"Lakewood Animal Shelter",cclasweb@gmail.com,(216) 529-5020,"Lakewood",OH,44107,
"Lazarus Rescues",lazarus.rescue@gmail.com,,"Findlay",OH,45840,
"League for Animal Welfare",anne@lfaw.org,(513) 735-2299,"Cincinnati",OH,45103,
"Legacy Dog Rescue of Ohio, Inc",legacy_blase@aol.com,,"Youngstown",OH,44513,
"Licking County Humane Society",info@lchspets.org,740-323-2100,"Heath",OH,43055,
"Lil Paw Prints Animal Rescue Haven",robynm@lilpawprintsanimalrescuehaven.org,513-615-6726,"Loveland",OH,45140,
"LINK Animal Rescue",linkanimalrescue@gmail.com,,"Lebanon",OH,45036,
"Little Love Bugs Rescue",lovebugsrescue@gmail.com,,"Cuyahoga Falls",OH,44221,
"Live Love Rescue",apps@liveloverescueohio.com,216-769-7000,"Cleveland",OH,44101,
"Louie's Legacy Animal Rescue",info@louieslegacy.org,,"Cincinnati",OH,45247,
"Love-A-Stray",info@loveastraydog.com,(216) 314-0321,"Avon Lake",OH,44012,
"Lucas County Canine Care & Control",lsimmons@co.lucas.oh.us,(419) 213-2800,"Toledo",OH,43602,
"Lucas County Pit Crew",pitcrewapplication@gmail.com,,"Toledo",OH,43615,
"Lucky Paws Animal Rescue",luckypawsrescue@yahoo.com,(216) 556-0811,"Garfield Heights",OH,44125,
"Luv4K9s",luv.4k9s@hotmail.com,,"Dayton",OH,45431,
"Luvabulls Rescue Inc",luvabullsrescue@gmail.com,,"Middletown",OH,45042,
"LuvFurMutts Animal Rescue",applications.luvfurmutts@gmail.com,,"Cincinnati",OH,45231,
"Maggies Mission",maggiesmissionrescue@gmail.com,,"Wadsworth",OH,44281,
"Mahoning County Dog Pound & Adoption Center",dogwarden@mahoningcountyoh.gov,(330) 740-2205 ext. 1,"Youngstown",OH,44509,
"Maple Hill Farm Toy Breed Rescue",daporter_44822@yahoo.com,,"Butler",OH,44822,
"Marilyns Voice Inc.",contact@marilynsvoice.org,,"Mentor",OH,44061,
"Max's Animal Mission",maxsanimalmission@gmail.com,(614) 565-9769,"Columbus",OH,43228,
"Medina County Animal Shelter",dogscats@frontier.com,330-725-9121,"Medina",OH,44256,
"Meigs A.A.R.F.",sbushong1023@yahoo.com,740-985-9815,"Long Bottom",OH,45743,
"Meigs County Dog Shelter",meigscountydogshelter15@gmail.com,(740) 992-3779,"Pomeroy",OH,45769,
"Mercy's Door Pet Rescue Inc.",info@mercysdoorpetrescue.org,,"Greenwich",OH,44837,
"Miami Valley Pit Crew",collette4mvpc@gmail.com,,"Dayton",OH,45429,
"Mid-Ohio Animal Welfare League",midohioawl@yahoo.com,,"Mansfield",OH,44907,
"Miller Safe House",adoptions@millersafehouse.org,(614) 908-1095,"New Albany",OH,43054,
"Mini Mutts Rescue",nels44077@yahoo.com,,"North Olmsted",OH,44070,
"Morrow County Dog Shelter",dogwarden@morrowcountyohio.gov,419-946-1747,"Mount Gilead",OH,43338,
"Multiple Breed Rescue",multiplebreedrescue@gmail.com,,"Elyria",OH,44035,
"Muskingum County Dog Warden & Adoption Center",dogwarden@muskingumcounty.org,(740) 453-0273,"Zanesville",OH,43701,
"Mutts in a Rut Rescue, Inc.",muttsinarutrescue@gmail.com,,"Cleveland",OH,44111,
"My Young & Old Fur Babies Rescue",myofbrescue@hotmail.com,(740) 472-9828,"Woodsfield",OH,43793,
"Myles Ahead Animal Sanctuary  Rescue",mylesaheadrescue@gmail.com,(513) 673-4012,"Maineville",OH,45039,
"NE Ohio Greyhound Rescue, Inc.",info@neogreyhound.com,(440) 364-4838,"Geneva",OH,44041,
"Neighborhood Cat Helpers",cincynch@gmail.com,513-720-6392,"Cincinnati",OH,45236,
"New Albany Pet Rescue",napr411@gmail.com,(614) 206-4001,"New Albany",OH,43054,
"New Beginnings Animal Center",newbeginningsanimalcenter@yahoo.com,(740) 818-4522,"Athens",OH,45701,
"New Carlisle Friends of Felines, Inc.",ncfof@outlook.com,,"Medway",OH,45344,
"New Lease on Life",adoptnll@yahoo.com,3303978270,"Struthers",OH,44471,
"Nileydog Rescue",info@nileydogrescue.org,,"Cincinnati",OH,45208,
"No Pawz Left Behind of Ashland Ohio",nopawzleftbehind@gmail.com,,"Ashland",OH,44805,
"Northeast Ohio Lab Rescue",dcpress@cboss.com,(330) 538-2215,"North Jackson",OH,44451,
"OAR",info@ohioalleycat.org,(513) 871-7297,"Cincinnati",OH,45209,
"OASIS Animal Shelter",oasisanimal@wmconnect.com,(440) 775-4101,"Oberlin",OH,44074,
"Ohio American Eskimo Rescue",ohioeskierescue@outlook.com,,"Maineville",OH,45039,
"Ohio Basset Hound Rescue Inc.",babynugs2003@yahoo.com,(513) 625-2036,"Goshen",OH,45122,
"Ohio Cattle Dog Rescue Team",info@ocdrescueteam.org,,"Creston",OH,44217,
"Ohio Fuzzy Pawz Shih Tzu Rescue",adoptioninquiries@ohiofuzzypawz.org,,"Pataskala",OH,43062,
"Ohio House Rabbit Rescue",bmaywshs@aol.com,614-263-8557,"Columbus",OH,43214,
"Ohio Humane Association",ohiohumane@gmail.com,,"Akron",OH,44333,
"Ohio Humane Rescue Association",ohranimals@gmail.com,(330) 410-6924,"Spencer",OH,44275,
"Ohio Labrador Retriever Rescue Services",luvalabrador2010@aol.com,937-890-0325,"Vandalia",OH,45377,
"Ohio Rottweiler Rescue",rottrod2@aol.com,,"Sunbury",OH,43074,
"Ohio Shorthair Rescue, Inc.",cheryl@ohioshorthairrescue.org,,"Canfield",OH,44406,
"Ohio SPCA & Humane Society",ohiospca@gmail.com,(419) 991-1775,"Lima",OH,45807,
"Ohio Valley Pembroke Welsh Corgi Club",neenapembroke@gmail.com,(513) 227-3168,"Centerburg",OH,43011,
"One At A Time K-9 Rescue",oneatatimek9rescue@gmail.com,(440) 853-8398,"Painesville",OH,44077,
"One of a Kind Pets",ooak@oneofakindpets.com,330-865-6200,"Akron",OH,44313,
"Operation Warm & Cozy",julie@operationwarmncozy.com,330-364-7190,"New Philadelphia",OH,44663,
"Our English Setter Rescue",oesrinfo@gmail.com,,"Hilliard",OH,43026,
"Our Mission Dog Rescue",omdrescue2015@gmail.com,,"Lewis Center",OH,43035,
"Pack Pride Sanctuary",packpridesanc@gmail.com,(216) 633-7892,"Cleveland",OH,44105,
"Painted Acres Animal Rescue",vcpoundrescue2000@yahoo.com,740-596-4070,"Zaleski",OH,45698,
"Pampered Pets",judyliptak@yahoo.com,(216) 739 0705,"Cleveland",OH,44109,
"Pampered Pets Animal Rescue",info@pamperedpetsanimalrescue.org,,"Cincinnati",OH,45201,
"Papillon Haven Rescue",ebaugh.pse@gmail.com,,"Columbus",OH,43221,
"Parma Animal Shelter. Inc",info@parmashelter.org,(440) 885-8014,"Parma",OH,44134,
"Paw Crazy",info@pawcrazy.org,,"Canton",OH,44718,
"Paw Patrol",adoptions@pawpatroldayton.com,,"Kettering",OH,45429,
"Paw Platoon",jenpoulos6@gmail.com,,"Youngstown",OH,44513,
"Pawprint Paradise",puppyluvxx912@yahoo.com,TEXT 330-281-9642,"Diamond",OH,44412,
"PAWS",adoption@pawsohio.org,440-442-PAWS,"Cleveland",OH,44124,
"Paws And Whiskers Cat Shelter Inc.",pawsandwhiskers1@aol.com,419-536-1914,"Toledo",OH,43615,
"Paws Animal Shelter",pawsurbana@hotmail.com,937-653-6233,"Urbana",OH,43078,
"Paws for Miles, Inc",jennifer@pawsformiles.org,(513) 290-8817,"Loveland",OH,45140,
"PAWS WITH PRIDE",adopt@pawswithpride.org,,"Akron",OH,44685,
"Peace for Paws Ohio",adopt@peaceforpawsohio.org,(614) 560-0030,"Dublin",OH,43017,
"Peaches Bully Rescue",peachesbullyrescue@gmail.com,(262) 894-9590,"West Chester",OH,45069,
"Peppermint Pig Animal Rescue and Peppermint Pig Thrift & Gift",pparescue@gmail.com,(513) 474-0005,"Cincinnati",OH,45249,
"PERRY COUNTY ANIMAL RESCUE",muckyuck@gmail.com,,"New Lexington",OH,43764,
"Perry County Dog Shelter",peshelter@perrycountyohio.net,(740) 342-3795,"New Lexington",OH,43764,
"Perry County Humane Society",bevandjack1@gmail.com,614-284-1465,"Corning",OH,43748,
"PetPromise",pets@petpromise.org,614-738-2149,"Columbus",OH,43215,
"PetResQ Ohio",pet.resq@yahoo.com,440-320-2723/	216-308-3452,"Lagrange",OH,44050,
"Pets Without Parents Columbus",pets@petswithoutparents.net,614-267-PAWS,"Columbus",OH,43214,
"Pinealope Animal rescue",pinealope.adopt@yahoo.com,,"Ravenna",OH,44266,
"Pittie Paw Rescue",pittiepawrescue@gmail.com,(614) 421-7297,"Millersport",OH,43046,
"Pitties and Kitties Rescue",pittiesnkittiesoh@gmail.com,,"Canton",OH,44718,
"Planned Pethood Inc.",pets@plannedpethood.org,(419) 826-FIXX,"Toledo",OH,43615,
"Portage Animal Protective League",info@portageapl.org,(330)296-4022,"Ravenna",OH,44266,
"Portage County Dog Warden Shelter",portagerescue@gmail.com,330-297-6924,"Ravenna",OH,44266,
"Powell Animal Welfare Society",contactus@powellpaws.org,614-354-5480,"Powell",OH,43065,
"Promway Rescues, Inc",promwayrescue@gmail.com,(330) 494-8100,"North Canton",OH,44720,
"Pulled From The Pits Rescue & Sanctuary",pulledfromthepits@gmail.com,,"East Rochester",OH,44625,
"Puppy Pals Rescue",lklopfenstein@yahoo.com,,"Beavercreek",OH,45432,
"Purr-fect Companions Sanctuary",purrfectcompanions@att.net,216-671-6369,"Lakewood",OH,44107,
"Purrfect Friends",info@purrfectfriendscatrescue.org,(513) 557-2107,"Cincinnati",OH,45206,
"Purrfect Paws Feline Rescue",purrfectpawsfelines@hotmail.com,,"Stow",OH,44224,
"Putnam Pet Pals",adoption@putnampetpals.net,,"Ottawa",OH,45875,
"R.E.A.L. Rottweiler Rescue",contact@realrottweilerrescue.com,,"Polk",OH,44805,
"Rainbow Connection Animal Foundation",rcafcats@yahoo.com,,"Cleveland",OH,44101,
"Rattie Tattie Rescue",rattietattierescue@yahoo.com,,"Amelia",OH,45102,
"Recycled Doggies",recycleddoggies@gmail.com,,"Cincinnati",OH,45249,
"Rehoming Our Animal Refugees",adoptions@muttmotelandmakeovers.com,(216) 785-9635,"Columbia Station",OH,44028,
"Rescue Me",feralrescue@windstream.net,(740) 587-2817,"Granville",OH,43023,
"Rescue Ohio English Bulldogs",rescueohioeb@gmail.com,Please email us!,"Cleveland",OH,44130,
"Rescued and Ready, Inc",adopt@rescuedandready.org,,"Cincinnati",OH,45254,
"RescuedOhio",info@rescuedohio.org,,"New Albany",OH,43054,
"Richland County Dog Warden",richlandcountydogs@yahoo.com,419-774-5892,"Mansfield",OH,44904,
"Robyn's Nest, Rescue",robyn@robynsnestrescue.com,937-247-9272,"Germantown",OH,45327,
"Ruff House Animal Rescue",info@rhar.org,216-308-7833,"Aurora",OH,44202,
"Sacred Hearts Animal Sanctuary & Helping Hands",forsacredhearts@aol.com,(937) 779-2042,"Winchester",OH,45697,
"Safe Harbor Schnauzer Rescue",shsr@roadrunner.com,419-734-4502,"Port Clinton",OH,43452,
"Saints Elsewhere",allwaysunique02@yahoo.com,(419) 691-0330,"Northwood",OH,43619,
"Sandusky County Dog Shelter",askins_kelly@co.sandusky.oh.us,(419) 334-2372,"Fremont",OH,43420,
"SART",sue@sartohio.org,419-733-3650,"St. Marys",OH,45885,
"SAVE A MOM PREGNANT DOG RESCUE",saveamomrescue@aol.com,,"East Sparta",OH,44626,
"Save a Shelter Shih Tzu (S.A.S.S.) Rescue",adopt@sassrescue.com,,"Springfield",OH,45503,
"Save Ohio Strays",info@saveohiostrays.org,(440) 567-3585,"Wadsworth",OH,44282,
"Save the Animals Foundation",info@staf.org,,"Cincinnati",OH,45227,
"Saved Souls Dog Rescue and Rehab",savedsouls@yahoo.com,(440) 221-6226,"Chardon",OH,44024,
"Saving Pets One at a Time (SPOT)",susan@morganspot.org,,"Mcconnelsville",OH,43756,
"Schnauzer Friends for Rescue and Adoption Cincinnati",saveaschnauzer@yahoo.com,http://www.sfra.net,"Cincinnati",OH,45240,
"Second Chance Animal Rescue",scarohio@gmail.com,(440) 376-9441,"Gates Mills",OH,44040,
"Second Chance for Animals Inc.",secondchance4animals@yahoo.com,,"Canton",OH,44720,
"Second Chance Rescue",secchancerescue@aol.com,,"Bellbrook",OH,45305,
"Shelby County Animal Shelter",shelbycountyanimalshelter@yahoo.com,937-498-7201,"Sidney",OH,45365,
"Sheltered Paws Dog Rescue",info@shelteredpaws.com,,"Miamitown",OH,45041,
"SICSA",adoptions@sicsa.org,937-294-6505,"Kettering",OH,45419,
"Sierra's Haven For New and Used Pets",sierrashaven@hotmail.com,(740) 353-5100,"Portsmouth",OH,45662,
"Silver Lining Services",silverlinings.oh@gmail.com,,"Saint Paris",OH,43072,
"Skunk Haven Inc",daisyphew@oh.rr.com,(440) 327-4349,"North Ridgeville",OH,44039,
"Small World Cat and Dog Rescue",ccatlady13@aol.com,3307271878,"Girard",OH,44420,
"Smiley Cat Rescue",nkd2615@msn.com,513.608.1462,"Cincinnati",OH,45209,
"SNIP Inc.",eleni.mcconnell@gmail.com,9374702967,"Fairfield",OH,45014,
"Soldier's Sanctuary",soldierssanctuary18@gmail.com,(330) 257-1036,"Alliance",OH,44601,
"Sophiedog Rescue",sjfelix1226@gmail.com,,"Cincinnati",OH,45246,
"South Euclid Humane Society",pestello@att.net,,"South Euclid",OH,44121,
"Southeastern Ohio SPCA",sospca@columbus.rr.com,7405868934,"Zanesville",OH,43702,
"Southern Ohio Animal Rescue",jrosler04@yahoo.com,740-590-3578,"Shade",OH,45776,
"Southwest Ohio Doberman Rescue",swohdoberescue@aol.com,(513) 553-2660,"New Richmond",OH,45157,
"SPCA Cincinnati",adopt@spcacincinnati.org,(513) 541-6100,"Cincinnati",OH,45223,
"Speak for the Unspoken",adopt@speakfortheunspoken.com,,"Grove City",OH,43123,
"Star-Mar Rescue",learymjri@aol.com,330.262.0515,"Wooster",OH,44691,
"Star's Cat Connection",starscatconnection@windstream.net,(740) 334-9921,"Heath",OH,43056,
"Stargazey's Equine Therapy Inc.",adopt@stargazeysequinetherapy.com,7402865533,"Jackson",OH,45640,
"Stay-A-While Cat Shelter",info@stayawhilecatshelter.org,440-582-4990,"North Royalton",OH,44133,
"Stop The Overpopulation of Pets, Inc.",catfix1@gmail.com,,"Mansfield",OH,44907,
"Stop the Suffering",rescueteam@stopthesuffering.org,,"Columbus",OH,43214,
"Storm's Angels",stormsangelsrescue@gmail.com,,"Lorain",OH,44052,
"Sugar Cove Chihuahua Rescue Farm Sanctuary",sugarcove@mail.com,,"Lucasville",OH,45648,
"Summit County Animal Control Department",cfatheree@summitoh.net,330-643-2845,"Akron",OH,44304,
"Sweet Dream House Rescue",dreamhouserescue@yahoo.com,(513) 484-9840,"Norwood",OH,45212,
"Tails of Hope Animal Rescue",tailsofhope@live.com,,"Ross",OH,45061,
"Take Me Too",tmtpup@gmail.com,,"Stow",OH,44224,
"Tender Loving Canines",tlc_dogs@yahoo.com,419-307-3853,"Tiffin",OH,44883,
"The Animal Shelter Society Inc.",assirescue@rrohio.com,740-452-1077,"Zanesville",OH,43701,
"The Canine Rescue",thecaninerescue@gmail.com,740-587-3660,"Newark",OH,43055,
"The Cat Crossing",cherubmeow@gmail.com,,"Cleveland",OH,44113,
"The Cat House - Feline Sanctuary Inc.",thecathousesanctuary@zoominternet.net,(419) 289-3658,"Ashland",OH,44805,
"The Cat's Cradle of Stark County",thecatscradle777@yahoo.com,,"Middlebranch",OH,44652,
"The Dog Rescuer",lmansf8009@aol.com,,"Antwerp",OH,45813,
"The Euclid Beach Cat Project",theeuclidbeachcatproject@gmail.com,(216) 246-4206,"Cleveland",OH,44119,
"The Humane Society of Ottawa County",hsoc1976@yahoo.com,(419) 734-5191,"Port Clinton",OH,43452,
"The Ohio Pet Sanctuary",ohiopetsanctuary@gmail.com,(513) 388-9998,"Cincinnati",OH,45255,
"The Paws Cause Rescue",thepawscauserescue@gmail.com,,"Franklin",OH,45005,
"The Progressive Animal Welfare Society (PAWS)",info@pawsadoptioncenter.org,(513) 539-7297,"Monroe",OH,45050,
"The Rescue Inn",therescueinn@gmail.com,(216) 369-9141,"North Olmsted",OH,44070,
"The Road Home Animal Project",trhapinc@aol.com,(740) 579-1990,"St. Clairsville",OH,43950,
"The Sanctuary for Senior Dogs",info@sanctuaryforseniordogs.org,216-485-9233,"Cleveland",OH,44109,
"The Scratching Post",info@thescratchingpost.org,513-984-6369,"Cincinnati",OH,45236,
"The Sherwood Cat Rescue",thejjsherwoodseries@gmail.com,(513) 969-7550,"Bethel",OH,45106,
"The Tucker and Ellie Project",tuckerandellieproject@gmail.com,(440) 373-7889,"Willowick",OH,44095,
"ThirdTyme Rescue",brnrmom@aol.com,(419) 210-1967,"Mount Gilead",OH,43338,
"Three Sisters Pet Rescue/ Ohio Hound Rescue",skhergert@yahoo.com,(513) 503-7234,"Cincinnati",OH,45238,
"Toledo Animal Shelter",info@toledoanimalshelter.com,(419) 382-1130,"Toledo",OH,43609,
"Toledo's Pet Bull Project",tpbpapps@gmail.com,,"Toledo",OH,43620,
"Trumbull County Dog Kennel",dgsmith@co.trumbull.oh.us,330-675-2787,"Warren",OH,44484,
"Tuscarawas County Humane Society",contacts@tuschumanesociety.com,330-343-6060,"New Philadelphia",OH,44663,
"Valley Save A Pet",vsapcats4u@yahoo.com,(440) 248-8088,"Solon",OH,44139,
"Van Wert County Humane Shelter",vanwertshelter@vwchs.com,(419) 238-5088,"Van Wert",OH,45891,
"Viva Los Gatos Cat Rescue",vivalosgatoscatrescue@gmail.com,(216) 755-4286,"Cleveland",OH,44124,
"Voice For Horses Rescue Network",voiceforhorses@att.net,419-350-4195,"Toledo",OH,43697,
"We Are Not Disposable, Inc.",wandpets@aol.com,,"Mogadore",OH,44260,
"Westie/Cairn Terrier Rescue of SW Ohio",windsorpaints@aol.com,,"Williamsburg",OH,45176,
"Williams County Humane Society",wchs123@gmail.com,419 636 2200,"Bryan",OH,43506,
"WILLING HEARTS DALMATIAN RESCUE",dalmatianrescue@comcast.net,(610) 342-7237,"Cincinnati",OH,45231,
"Wilmington Area Humane Society Inc.",wahspets@yahoo.com,(877) 802-1633,"Wilmington",OH,45177,
"Wood County Dog Shelter",wcdogshelter@co.wood.oh.us,(419) 354-9242,"Bowling Green",OH,43402,
"Wood County Humane Society",woodcountyhumanesociety@gmail.com,(419) 352-7339,"Bowling Green",OH,43402,
"Wyandot County Dog Shelter",wyandotdog1@gmail.com,4192945408,"Upper Sandusky",OH,43351,
"YS PetNet",petnet@outlook.com,(937) 767-0291,"Yellow Springs",OH,45387,
"Ziggy's Friends",staff@pawsinnthewoods.com,4405228558,"Grafton",OH,44044,