Name,Email,Phone,City,State,Zip,Website
"A Home 4 Spot",ahome4spot@gmail.com,(702) 239-7986,"Las Vegas",NV,89103,
"Adopt A Rescue Pet",dogrescuelv@hotmail.com,(702)798-8663/591-6469,"Las Vegas",NV,89121,
"All the Same Wild and Tame",wildandtamefound@aol.com,1-866-88-Fleas,"Las Vegas",NV,89101,
"Animal Adoptions Ltd.",teresa@animaladoptionsltd.org,(702) 361-2484,"Henderson",NV,89009,
"Animal Network",adoptmetodayan@aol.com,702-582-7534,"Las Vegas",NV,89147,
"Animal Rescue Group of Northern Nevada",argonn@argonn.org,(775) 229-3708,"Fernley",NV,89408,
"Aussie Border Collie Rescue of Northern Nevada",abcrescue@ymail.com,775-267-4068,"Minden",NV,89423,
"Basenji Club of Southern Nevada",basenjiclubofsouthernnevada@gmail.com,(702) 631-1780,"Las Vegas",NV,89130,
"Big Paw Rescue",virginia@bigpawrescue.org,(702) 635-2760,"Las Vegas",NV,89104,
"Boxers and Buddies",info@boxersandbuddies.com,775-342-5789,"Reno",NV,89704,
"Canine Rehabilitation Center and Sanctuary",info@crcsdogs.com,(775) 800-1906,"Washoe Valley",NV,89704,
"CARES Coalition",carescoalition@yahoo.com,(702) 875-3800,"Jean",NV,89019,
"Carson Tahoe SPCA",info@carsontahoespca.org,(775) 885-7766,"Carson City",NV,89702,
"Catmandu",momcat@catmanducc.org,775-297-3419,"Carson City",NV,89701,
"Churchill Animal Protection Society (CAPS)",caps@cccomm.net,(775) 423-7500,"Fallon",NV,89406,
"City of Elko Animal Shelter",shelter@elkocitynv.gov,(775) 777-7333,"Elko",NV,89801,
"City of Mesquite Animal Shelter",mesquitenvshelter@gmail.com,(702) 346-5268,"Mesquite",NV,89027,
"City-County Animal Control Center - Winnemucca, NV",winnemuccashelter@gmail.com,(775) 623-6403,"Winnemucca",NV,89445,
"Desert Haven Animal Society",deserthavenanimalsociety@gmail.com,(775) 751-7020,"Pahrump",NV,89060,
"Doberman Rescue of Nevada",info@drnv.org,(702) 672-7204,"Las Vegas",NV,89118,
"Dog Town Canine Rescue",dogtownmutts@gmail.com,775-230-3703,"Carson City",NV,89702,
"Doggie Rescue LV/Animal Help Alliance",doggierescuelv@yahoo.com,,"Las Vegas",NV,89147,
"Douglas Animal Welfare Group",organizations@dawgrescue.com,775-267-7325,"Gardnerville",NV,89410,
"Fallon Animal Welfare Group",fawgnv@gmail.com,775 423-8650,"Fallon",NV,89406,
"Foreclosed Upon Pets, Inc. (FUPI)",forecloseduponpets@hotmail.com,(702) 272-0010,"Las Vegas",NV,89101,
"Forgotten Fosters",shannasfurbies@gmail.com,(702) 205-1234,"North Las Vegas",NV,89032,
"Furgotten Friends Dog Rescue",furgottenfriendsdogrescue@yahoo.com,775-751-0853,"Pahrump",NV,89048,
"Happy Home Animal Sanctuary",info@happyhomeanimalsanctuary.org,702-203-4134,"Las Vegas",NV,89123,
"Hearts Alive Village Las Vegas",christy.stevens@havlv.com,702-595-0644,"Las Vegas",NV,89103,
"Heaven Can Wait Animal Society",dogs@hcws.org,702-227-5555,"Las Vegas",NV,89113,
"Homeward Bound Cat Adoptions",homewardboundcats@hotmail.com,(702) 533-3440,"Las Vegas",NV,89169,
"KiSS 4 Homeless Animals",kim@tixcorp.com,,"Las Vegas",NV,89119,
"L.E.A.N.",allvegashorses@gmail.com,702-533-4656,"Las Vegas",NV,89136,
"Las Vegas Doberman Pinscher and Dachshund Rescue",lvdobesanddoxies@aol.com,(702) 596-9293,"Las Vegas",NV,89145,
"Las Vegas Valley Humane Society",lvvhs@cox.net,(702) 434-2009,"Las Vegas",NV,89146,
"Lone Woof Rescue",info@lonewoofrescue.org,(702) 469-1913,"Jean",NV,89019,
"Louisa's New Leash On  Life Rescue",info@louisaleash.com,702.406.9550,"Las Vegas",NV,89145,
"LV Hot-Diggity Dachshund Club and Rescue",leilani@lvhddcr.com,,"Las Vegas",NV,89130,
"Mayte's Rescue",miamorinc@mayte.com,(702) 333-5781,"Las Vegas",NV,89103,
"Mineral County Animal Shelter",danbrogden@att.net,775-945-0701,"Hawthorne",NV,89415,
"Nevada Humane Society",info@nevadahumanesociety.org,(775) 856-2000 ext. 302,"Reno",NV,89502,
"On My Way Home Rescue",savethedoxies@gmail.com,,"Henderson",NV,89015,
"Palomino Valley Pet Rescue Inc.",pvpr02@gmail.com,(775) 358-5527,"Sparks",NV,89431,
"Paws 4 Love Pet Rescue Inc.",pdambroz@outloook.com,(702) 622-3092,"Las Vegas",NV,89122,
"Pekes Paws and Tails",pekespawsandtails@gmail.com,(760) 880-5280,"Las Vegas",NV,89139,
"Pet Network Humane Society",adoption@petnetwork.org,775-832-4404,"Incline Village",NV,89451,
"Pets Are Worth Saving  PAWS",pahrumppaws@gmail.com,,"Pahrump",NV,89048,
"Pits to Pets Rescue",pitstopets@gmail.com,(702) 540-4657,"Las Vegas",NV,89131,
"Reno Tahoe Rescue Society",rtadoptapet@gmail.com,775-815-9363,"Carson City",NV,89703,
"Res-Que",karen@res-que.org,775-771-0293,"Reno",NV,89506,
"Safe Haven Rescue Kennel",barkdogsinfo@gmail.com,(775) 463-1842,"YERINGTON",NV,89447,
"Saints Of The West",rescue@saintsofthewest.com,(775) 475-0420,"Sparks",NV,89436,
"Sin City Saint Rescue",rescuesaints@gmail.com,(702) 896-1049,"Las Vegas",NV,89012,
"Southern Nevada Beagle Rescue Foundation",info@southernnevadabeaglerescue.com,702-493-9779,"Las Vegas",NV,89123,
"Southern Nevada Boston Terrier Rescue",info@snbtr.com,,"Las Vegas",NV,89120,
"Southern Nevada Schnauzer Rescue",dawnbeuth@aol.com,(702) 203-7439,"Las Vegas",NV,89101,
"SPCA of Northern Nevada",info@spcanevada.org,775-324-7773,"Reno",NV,89512,
"Springer Spaniel Rescue, Inc.",marys111@earthlink.net,(702) 300-2808,"Las Vegas",NV,89134,
"The Animal Foundation",adoptions@animalfoundation.com,702-384-3333  ext.131,"Las Vegas",NV,89101,
"The Churchill Foundation",info@thechurchillfoundation.org,(702) 970-4823,"Las Vegas",NV,89104,
"The Samadhi Legacy Foundation- a 501 (c) (3)",kathy@samadhilegacy.org,7028083763,"Las Vegas",NV,89135,
"Those Left Behind Foundation",rae@tlbfoundation.org,(702) 768-8523,"Las Vegas",NV,89129,
"Two Dog Farms, Inc.",info@twodogfarms.com,7756360036,"Minden",NV,89423,
"Vegas Shepherd Rescue",tammy@vegasdogrescue.com,702-706-7437,"Las Vegas",NV,89128,
"VegasPigPets",info@vegaspigpets.org,Email,"Las Vegas",NV,89146,
"Wagging Tails Rescue",waggingtailsrescuelv@gmail.com,,"Henderson",NV,89052,
"We Care for Animals",wcfanv@gmail.com,702-346-3326,"Mesquite",NV,89024,
"Willows Change Pet Rescue Network",willowschange@charter.net,(775) 971-9547,"Reno",NV,89506,
"Wylie Animal Rescue Foundation (WARF)",tahoepet@yahoo.com,(775) 833-2319,"Incline Village",NV,89450,
"You Gotta Love Them, Inc.",yougottalovethemincorporated@gmail.com,(702) 502-2992,"Las Vegas",NV,89146,