Name,Email,Phone,City,State,Zip,Website
"1 Love Dog Rescue",1lovedogrescue@gmail.com,5306431107,"Auburn",CA,95602,
"13th St Cats",info@13thstcats.org,(408) 566-3637,"San Jose",CA,95112,
"2 Crue Rescue",tammye@2cruerescue.com,951-892-5827,"Riverside",CA,92503,
"2TheResQ",coffee.luvr@yahoo.com,818-212-0385,"Sherman Oaks",CA,91413,
"3R Rescue, Inc.",3rrescue@gmail.com,(707) 529-4643,"Winters",CA,95694,
"4 Dogs Farm Rescue",4dogsfarmrescue@gmail.com,415-265-4331,"San Francisco",CA,94112,
"4 R Friends",4rfriends.mail@gmail.com,,"Sacramento",CA,95817,
"9 Lives Rescue Center",9livesrescuecenter@gmail.com,310-927-7350,"Beverly Hills",CA,90211,
"A Better Chance Rescue",abetterchancerescue@gmail.com,(650) 580-3639,"San Mateo",CA,94403,
"A Cat's Tale",cathy@acatstale.org,310 973 9353,"Redondo Beach",CA,90278,
"A Cause For Paws  OC",ocacfp@yahoo.com,714-883-9188,"Orange",CA,92865,
"A Dog's Life Rescue",adoptions@adogsliferescue.org,310-590-7387,"Los Angeles",CA,90046,
"A Home 4 Ever Rescue",ahome4ever@gmail.com,(949) 645-4912,"Costa Mesa",CA,92627,
"A Noah's B'Ark North Pet Rescue",noahsbark.nc@gmail.com,(707) 657-7626,"Rohnert Park",CA,94928,
"A Passion for Paws Rescue, Inc..",apassionforpaws@gmail.com,818-9AKITAS,"Romoland",CA,92585,
"A Pawsitive Approach",apawsitiveapproach2015@gmail.com,,"Anaheim",CA,92805,
"A Purposeful Rescue",apurprescue@yahoo.com,,"Los Angeles",CA,90035,
"A SafeFurr Place Animal Rescue",info@asafefurrplace.com,,"Bakersfield",CA,93308,
"Ace of Hearts",aceofheartsmngr@gmail.com,(310) 358-3344,"Beverly Hills",CA,90213,
"ACGSR, Inc",vivatacgsinc@aol.com,831-917-5570,"Hollister",CA,95024,
"Adopt A Bunny Rabbit Rescue",bunnygroomer@gmail.com,,"Calabasas",CA,91302,
"Adopt a Doggie",contact@adoptadoggie.org,4156833535,"Castro Valley",CA,94546,
"Adopt a Friend Forever Rescue",moyamarie@msn.com,619-670-9824,"El Cajon",CA,92021,
"Adopt A Saint - Saint Bernard Rescue",cmdiiullo@gmail.com,(949) 295-3641,"Lake Forest",CA,92630,
"Adopt Me Rescue",adoptmerescue@gmail.com,(818) 732-0733,"Studio City",CA,91602,
"Adopt-A-Chow LA",adoptachowla@gmail.com,(310) 306-2871,"Marina del Rey",CA,90034,
"Adoptables at spcaLA",info@spcala.com,(562) 216-2542,"Long Beach",CA,90815,
"Ady Gil World Conservation",info@agwc501.org,818-348-6000,"Woodland Hills",CA,91364,
"AHPHA",ahphaadoption@gmail.com,,"La Jolla",CA,92038,
"AKarmic Connections Animal Rescue",karmicrescues@gmail.com,,"Cupertino",CA,95014,
"All About Equine Animal Rescue, Inc.",adopt@allaboutequine.org,916-520-4AAE (4223),"El Dorado Hills",CA,95762,
"All Animal Rescue & Friends (AARF)",adopt@aarflove.org,,"San Martin",CA,95046,
"All Cats Go To Heaven",christacw@hotmail.com,,"Anaheim",CA,92801,
"All for Love Animal Rescue",ktmacgregor@earthlink.com,805-445-3535,"Thousand Oaks",CA,91360,
"All Krazy for Kats, INC.",michele@krazyforkats.com,818-527-5287,"Woodland Hills",CA,91364,
"All My Tomorrows Pet Rescue",tribolettieleanor@yahoo.com,,"Lodi",CA,95240,
"All Paws Rescue-Rehabilitation & Education",adopt@allpawsrescue-rehab.org,,"Chino",CA,91710,
"All Points West German Shorthaired and Wirehaired Pointer",gsprescue@aol.com,(530) 713-4376,"Browns Valley",CA,95918,
"All Retriever Rescue Foundation",watson@optivus.com,909-855-0683,"Redlands",CA,92373,
"ALL TOP GUN RESCUES",topgunk9rescue@hotmail.com,,"RIVERSIDE",CA,92504,
"Allie's Pals Cat Rescue",terrilduncan@yahoo.com,9254877279,"Pleasanton",CA,94566,
"Almost Home 4ever",almosthome4ever@gmail.com,,"Sacramento",CA,95813,
"Amazing Greys Retired Racers",amazinggreysrr@gmail.com,(209) 835-9780,"Tracy",CA,95376,
"American Brittany Rescue - CA/NV/HI/AZ",abr.ca@americanbrittanyrescue.org,1-866-274-8911,"La Habra",CA,90631,
"American Bullmastiff Rescue",blackslate@aol.com,,"Covina",CA,91724,
"Angel Cat Pet Adoptions",marilyn.wood1940@yahoo.com,(714) 280-7627,"Westminster",CA,92684,
"Angel City Pit Bulls",adopt@angelcitypits.org,please email,"Los Angeles",CA,90019,
"Angels Bark Dog Rescue",angelsbarkdogrescue@gmail.com,,"Beverly Hills",CA,90212,
"Angels for Animals Rescue",blynch5150@sbcglobal.net,,"Rancho Cucamonga",CA,91701,
"Angels in Fur Dog Rescue",info@angelsinfurdogrescue.com,818 335-3034,"Granada Hills",CA,91394,
"Angels N Paws",devoredogrescue@aol.com,909 743-4656,"Rancho Cucamonga",CA,91701,
"Angels of Rawley Foundation",arfadmin@angelsofrawley.org,,"San Diego",CA,92117,
"Angels Rescuing Animals",fosterfamily.dogs@gmail.com,(530) 878-6999,"Auburn",CA,95604,
"Angels Rescuing Kritters",animalnut2@aol.com,530-637-4635,"Weimar",CA,95736,
"Animal Advocates Alliance",info@animaladvocatesalliance.org,310-285-8422,"Sherman Oaks",CA,91413,
"Animal Alliance",animalallianceadopts@gmail.com,818 290-3844,"Beverly Hills",CA,90210,
"Animal Aware",redding5765@gmail.com,(415) 279-0119,"San Francisco",CA,94112,
"Animal Compassion Team of California",info@animalcompassionteam.com,(559) 299-6364,"Fresno",CA,93725,
"Animal Friends Connection Humane Society",office@animalfriendsconnect.org,(209) 365-0535,"Lodi",CA,95241,
"Animal Hope and Wellness Foundation",info@animalhopeandwellness.org,,"Sherman Oaks",CA,91423,
"Animal House",admin@animalhouse.global,(707) 816-1166,"Vallejo",CA,94591,
"Animal Network of Orange County",contact@animalnetwork.org,949-759-3646,"Newport Beach",CA,92658,
"Animal Outreach of the Mother Lode",info@animaloutreach.net,530-642-2287,"Diamond Springs",CA,95619,
"Animal Place",info@animalplace.org,530 477 1757,"Grass Valley",CA,95949,
"Animal Refugee Response",blythe@animalrefugee.org,(510) 230-3758,"Lower Lake",CA,95457,
"Animal Rescue",wizard188wizard@yahoo.com,619 606 4500,"San Diego",CA,92142,
"Animal Rescue and Care Network Inc.",mefambrini@yahoo.com,(408) 655-9625,"Santa Clara",CA,95056,
"Animal Rescue of Tracy",contact@animalrescuetracy.org,209-642-4324,"Tracy",CA,95376,
"Animal Rescue Recon",animalrescuerecon@gmail.com,(925) 392-7654,"Oakley",CA,94561,
"Animal Rescue Resource Foundation (ARRF)",resqpets08@cox.net,please email,"Vista",CA,92082,
"Animal Rescue Squad International",animalrescuesquadintl@gmail.com,,"Davis",CA,95618,
"Animal Rescuers Without Borders,Inc.",animalrescuers@sbcglobal.net,,"San Diego",CA,92171,
"Animal Samaritans SPCA",rlinsell@animalsamaritans.org,(760) 601-3918,"Thousand Palms",CA,92276,
"Animal Shelter Assistance Program (ASAP)",info@asapcats.org,(805) 683-3368,"Santa Barbara",CA,93111,
"Animal Shelter Relief Rescue",amy@animalshelterrelief.org,,"Santa Cruz",CA,95063,
"Animal Synergy",info@animalsynergy.org,,"Vista",CA,92084,
"Animals Need U Rescue",animalsneedou@yahoo.com,951-514-9817,"Temecula",CA,92592,
"AnimalSave",fosteradoption@animalsave.org,(530) 271-7071 ext. 201,"Grass Valley",CA,95945,
"Annie's Pet Rescue",anniesrescue@gmail.com,(530) 377-6889,"Cottonwood",CA,96022,
"Another Chance Animal Welfare League Inc.",acawl.inc@gmail.com,530-547-7387,"Palo Cedro",CA,96073,
"Antelope Valley Dalmatian Rescue",easytospot@earthlink.net,1-661-810 -1015,"Lancaster",CA,91350,
"Antioch Animal Services",antiochanimalservices@gmail.com,925-779-6989,"Antioch",CA,94509,
"APe Action (Animals People & Environment Action)",adoptions@apeaction.org,,"West Hollywood",CA,90046,
"APET Rescue and Kennels Inc.",apetrescue342@gmail.com,(661) 258-9525,"Edwards",CA,93523,
"ARA Canine Rescue Inc",alleysangels@gmail.com,www.alleysrescuedangels.org,"Hesperia",CA,92345,
"ARF - Animal Rescue Friends/Idyllwild",info@idyllwildarf.org,951-659-1122,"Idyllwild",CA,92549,
"Ariel Bully Rescue",info@arielbullyrescue.com,(347) 546-1166,"Los Angeles",CA,90027,
"ARME (Animal Rescue Media Education)",adopt@rescuefreedomproject.org,(818) 382-6500,"Valley Village",CA,91607,
"ARV (Animal Rescue Volunteers)",staff@arvsimi.org,(805) 579-8047,"Simi Valley",CA,93065,
"Asians for Humans Animals and Nature",contact@ahan.org,415-221-5733,"San Francisco",CA,94121,
"ASTRO Foundation",jaydeen@astrofoundation.org,209-604-2649,"Oakdale",CA,95361,
"Australian Shepherd Rescue San Diego and Friends",oldhamranch@gmail.com,,"Ramona",CA,92065,
"Australian Shepherds Furever",australianshepherdsfurever@gmail.com,,"Rancho Cucamonga",CA,91729,
"Avian Rehabilitation Center",arcpresident@avianrehabilitationcenterusa.org,(619) 813-1776,"Jamul",CA,91935,
"Avian Rescue Corp aka Cockatiel Rescue",avianrescuecorp@gmail.com,(925)686-2350,"Concord",CA,94518,
"Azaya Ranch Sanctuary",info@azayaranchsanctuary.org,(707) 676-3647,"Petaluma",CA,94953,
"Baby Bobbys Meow House and Rescue, Inc.",babybobbysmeowhouserescue@gmail.com,951-544-7004,"Temecula",CA,92589,
"BAD RAP",contact@badrap.org,510-414-6461 (TEXT),"Oakland",CA,94605,
"Baja Animal Sanctuary",bajadogs@aol.com,(619) 948-3199,"San Diego",CA,92102,
"Baja Dog Rescue",info@bajadogrescue.org,(619) 407-9372,"San Diego",CA,92116,
"Bandit's Buddies Rescue",banditsbuddiesrescue@gmail.com,,"Fresno",CA,93720,
"BARC",adoptions@barconline.com,951-845-1513,"Mentone",CA,92359,
"Bark Avenue Foundation",christy@barkavenuefoundation.org,(323) 969-8082,"Studio City",CA,91604,
"Bark n' Bitches - Jimi's Angels",shopbnb@gmail.com,3236550155,"Los Angeles",CA,90036,
"Bark-9",dana@bark-9.com,949-285-1218,"Santa Ana",CA,92705,
"Barks of Love",rescue@barksoflove.org,,"Fullerton",CA,92832,
"Basic Needs Foundation, Inc",ha.adolfo@basicneedsfoundation.org,323-325-2712,"Harbor City",CA,90710,
"Basset Hound Rescue of Southern California",askabasset@bassethoundrescue.org,(949) 484-9065,"Whittier",CA,90608,
"Basset Rescue Network",basset911@aol.com,(661) 269-2682,"Acton",CA,93510,
"Baxter and Friends",baxterandfriends@yahoo.com,(818) 602-7481,"Sunnyvale",CA,94086,
"Bay Area Animal Rescue Crew",bayareaanimalrescuecrew@gmail.com,925-219-7833,"Concord",CA,94520,
"Bay Area Cat Rescue",adoptions@bayareacatrescue.org,,"Mountain View",CA,94040,
"Bay Area German Shepherd Rescue",info@bayareagsr.org,(855) 473-5683,"Novato",CA,94948,
"Bay Area Siberian Husky Rescue/Referral",bashrr@com-ctl.com,800-473-BASH,"Campbell",CA,95008,
"Be Their Voice Dog Rescue",betheirvoicedogrescue@yahoo.com,760-295-5419,"Vista",CA,92081,
"Beagles & Buddies",beaglesandbuddies@gmail.com,,"Apple Valley",CA,92307,
"Bean's Beagles Dog Rescue",chowsndoxies@aol.com,(714) 397-0705,"Costa Mesa",CA,92627,
"Befriended Felines San Luis Obispo County",befriendedfelines@charter.net,(805) 305-8827,"San Luis Obispo",CA,93401,
"Belleglen Sanctuary",belleglen@hotmail.com,(530) 896-1599,"Chico",CA,95927,
"Beople's Buddies Animal Rescue",beoplesbuddies@gmail.com,4246538251,"Los Angeles",CA,90035,
"Berkeley Animal Care Services",afunghi2@ci.berkeley.ca.us,(510) 981-6600,"Berkeley",CA,94710,
"Berkeley Humane",information@berkeleyhumane.org,510-845-7735,"Berkeley",CA,94710,
"Best Friends Pet Adoption & Spay Neuter Center",adoptla@bestfriends.org,818.643.3989,"Mission Hills",CA,91345,
"BFF K9 Rescue, Inc.",info@bffk9rescue.org,,"Trabuco Canyon",CA,92679,
"BFF Pet Rescue",summer.parker@yahoo.com,,"Cherry Valley",CA,92223,
"Bichon FurKids Rescue",marti@bichonfurkids.org,(858) 408-1937,"Carlsbad",CA,92009,
"Bichon Rescue Brigade",info@bichonrescuebrigade.org,(714) 817-9798,"Orange",CA,92867,
"Bichon Rescue of Orange County",info@bichonrescueoc.org,(866) 822-7909,"Placentia",CA,92871,
"Bichons and Buddies",jc@bichonsandbuddies.com,(310) 995-1975,"Los Angeles",CA,90066,
"Big Dog Rescue",cheryl@homelesshounds.us,707-665-0332,"Penngrove",CA,94951,
"Bitten By A Kitten Rescue (BBAK)",bittenbyakittn@yahoo.com,,"Richmond",CA,94804,
"Blythe Animal Shelter",shelterinfo@rivcocha.org,760 921-7857,"Blythe",CA,92225,
"Border Collies in Need",rescue@bordercolliesinneed.org,,"San Pedro",CA,90732,
"Borrego Animal Rescue",borregoanimalrescue@gmail.com,(888) 775-6789,"Borrego Springs",CA,92004,
"Boston Buddies -So. Calif. Boston Terrier Rescue",contactus@bostonbuddies.org,(310) 364-4543,"Huntington Beach",CA,92648,
"Boxer Rescue LA",adoptions@boxer-rescue-la.com,(310) 862-0044,"Encino",CA,91316,
"Boxers Mutts & Wiggle Butts Rescue Inc",bmwrescue17@gmail.com,,"BAKERSFIELD",CA,93390,
"Brandy Sleddogs Rescue of Central California",brandysleddogsrescue@gmail.com,(831) 206-9226,"Pacific Grove",CA,93950,
"BraveDog Rescue",bravedogrescue@yahoo.com,,"Los Angeles",CA,90026,
"BrightHaven, Bliss Adoption Program",susan_hoffman@yahoo.com,,"Sebastopol",CA,95473,
"Buckingham Cats",angierubin@me.com,3233503677,"Los Angeles",CA,90068,
"Bullies and Buddies",bulliesandbuddies@gmail.com,,"Redondo Beach",CA,90277,
"Bunnies Urgently Needing Shelter",info@bunssb.org,805-683-0521,"Goleta",CA,93111,
"Bunny Bunch Rabbit Rescue",caroline@bunnybunch.org,909-631-9552,"Montclair",CA,91763,
"Bunny World Foundation",info@bunnyworldfoundation.org,(310) 498-8600,"Los Angeles",CA,90027,
"Burbank Animal Shelter",burbankanimalshelter@ci.burbank.ca.us,818-238-3340,"Burbank",CA,91502,
"Butte Humane Society",adoptions@buttehumane.org,(530) 343-7917,"Chico",CA,95928,
"C-S Animal ResQ, Inc.",csanimalresq@gmail.com,323-842-9914,"Azusa",CA,91702,
"C.A.A.T. Rescue",thepetloversguide@comcast.net,(707) 731-9775,"Vallejo",CA,94589,
"C.A.R.E. aka: Cat/Canine Assist. Ref. Educ.",mail@care4pets.org,(818) 685-9980,"Littlerock",CA,93543,
"C.A.R.R.E. CA-AR Retriever Rescue Efforts",carrelabs@yahoo.com,,"Willits",CA,95490,
"CageFree K9 Rescue Foundation",rescue@cagefreek9camp.com,424-258-4150,"Los Angeles",CA,90034,
"Cal State Dog Rescue",calstatedogrescue@outlook.com,408-655-9648,"Campbell",CA,95011,
"Cali_FID Parrot & Exotics Rescue Sanctuary",califidrescue@gmail.com,(209) 988-3506,"Modesto",CA,95351,
"California Animal Shelter Friends",cashelterfriends@yahoo.com,(530) 662-4989,"Woodland",CA,95695,
"California Labradors Retrievers and More",doginfo@labsandmore.org,858-273-5386,"San Diego",CA,92177,
"California Miniature Schnauzer Rescue",schnauzer@dslextreme.com,209 532-8788,"Columbia",CA,95310,
"California Miniature Schnauzer Rescue",canada@dslextreme.com,,"Flintridge",CA,91011,
"California Pit Bull Rescue",californiapitbullrescue@gmail.com,510-463-4277,"Oakland",CA,94611,
"Calys Cats Feline Rescue",sharon@calyscats.org,650-793-4273,"Stanford",CA,94309,
"Camp Cocker Rescue",campcockerinformation@gmail.com,(800) 431-5911,"South San Francisco",CA,94080,
"Camp Four Paws",troy@campfourpaws.com,9256729255,"Clayton",CA,94517,
"Canine & Kitty Co-op",canineandkittycoop@gmail.com,,"Long Beach",CA,90803,
"CARE Companion Animal Rescue Effort",care@carepets.org,(408) 227-2273,"San Jose",CA,95011,
"CARE Rescue LA",info@carerescuela.org,818-850-6581,"Los Angeles",CA,90025,
"Caring 4 Kittens",info@caring4kittens.com,(707) 350-5498,"Williams",CA,95987,
"Caring Arms Rescue, Inc",helpingdogs76@gmail.com,,"Beverly Hills",CA,90210,
"Caring Friends Cat Rescue",caringfriendscatrescuetustin@gmail.com,,"Buena Park",CA,90621,
"Carson Cats Rescue",info@carsoncats.com,(310) 756-0751,"Manhattan Beach",CA,90266,
"Casa de Love",casadeloveanimalrescue@gmail.com,,"Richmond",CA,94801,
"Castaway Paws",castawaypaws@gmail.com,951-349-8834,"San Jacinto",CA,92583,
"Cat AdopTion Service",help2014@catadoptionservice.org,(760) 550-2287,"San Diego",CA,92111,
"Cat Angel Network",pamalah23@gmail.com,(415) 686-6735,"Forest Knolls",CA,94933,
"Cat Clinic",shelterkat@aol.com,949-642-3494,"Costa Mesa",CA,92627,
"Cat Connection",catconnection@sbcglobal.net,(818) 298-3197,"Sherman Oaks",CA,91416,
"Cat Tales Rescue",catinfo@catalesrescue.org,,"Vacaville",CA,95696,
"Catmandoo Rescue",catsfordays@gmail.com,(310) 569-8404,"Marina Del Rey",CA,90292,
"CatPAWS",catpawsdeborah@aol.com,,"Seal Beach",CA,90740,
"Cats About Town Society",andrea@catsabouttown.org,,"Sacramento",CA,95834,
"Cats at the Studios, Inc. (CATS, INC.)",catsatthestudios@yahoo.com,,"Woodland Hills",CA,91364,
"Cats Cradle Rescue",adoptions@catscradlerescue.org,(805) 485-8811,"Ventura",CA,93001,
"Cats In Need",catsinneed@yahoo.com,714-538-6108,"Yorba Linda",CA,92886,
"Cats in Need Chino",gotcatrescue@gmail.com,909-921-7129,"Chino",CA,91710,
"Cats in Need of Human Care",catsinneedfullerton@yahoo.com,(714) 452-4513,"Fullerton",CA,92832,
"Cats in Tow Rescue Sanctuary",catsintow@hotmail.com,(714) 878-1371,"Anaheim",CA,92803,
"Cats' Crossroads",catsxroads@aol.com,(707) 365-5879,"Vacaville",CA,95687,
"Cause for San Bernardino Paws",cause4sbpaws@gmail.com,,"San Bernardino",CA,92407,
"Cavy House Guinea PIg Rescue",cavyhouse@gmail.com,,"La Honda",CA,94020,
"Center for Animal Protection and Education",info@capeanimals.org,831-336-4695,"Grass Valley",CA,95945,
"Central Coast Herding Dog Rescue",info@cchdrescue.org,805 238 1446,"Paso Robles",CA,93446,
"Central Coast SPCA",centralcoastspca@yahoo.com,,"Santa Maria",CA,93455,
"CENTRAL VALLEY RESCUE RAILROAD",cvrr@cvrr.us,559-799-1775,"LINDSAY",CA,93247,
"Chako Pit Bull Rescue",adoptions@chako.org,916-432-3678,"Sacramento",CA,95838,
"Change of Heart Pit Bull Rescue",cohpitbullrescue@yahoo.com,919-706-5265,"Norco",CA,92860,
"Chasing Tails",chasing_tails@hotmail.com,(559) 403-6376,"Fresno",CA,93729,
"Chesapeake Bay Retriever Relief and Rescue",terrysc2@aol.com,5103341044,"San Diego",CA,92007,
"Chews Life Dog Rescue",chewslifedogrescue@gmail.com,619-839-9872,"Los Angeles",CA,90032,
"Chihuahua Haven Rescue",resqpuppies@gmail.com,,"Corona",CA,92883,
"Chows Plus",crazy4chows@sbcglobal.net,,"Sacramento",CA,95842,
"Chula Vista Animal Care Facility",lsepton@ci.chula-vista.ca.us,(619) 691-5174,"Chula Vista",CA,91911,
"Cirby Sunrise Veterinary Clinic",cirbysunrise@aol.com,(916) 780-0551,"Roseville",CA,95661,
"City Lights Foundation",citylightsfoundation@gmail.com,408-782-4768,"Morgan Hill",CA,95038,
"City of Chico Animal Shelter",chicoanimalshelter@yahoo.com,(530) 894-5630,"Chico",CA,95928,
"City of Newman",jfragoza@cityofnewman.com,(209) 862-2902,"Newman",CA,95360,
"City of Oakdale Animal Shelter",albertscoles@hotmail.com,(209) 847-5625,"Oakdale",CA,95361,
"City of Sacramento Animal Care Services",animalcare@cityofsacramento.org,(916) 808-7387,"Sacramento",CA,95818,
"City of Shasta Lake Animal Control",acontrol@cityofshastalake.org,530-275-7480,"Shasta Lake",CA,96019,
"Clearlake Animal Control",mwymer@clearlakepd.org,(707) 994-8251 ext. 115,"Clearlake",CA,95422,
"Clearlake Veterinary Clinic",justinew@clearlakevetclinic.com,707-994-9100,"Clearlake",CA,95422,
"Cloud 10 Cat Rescue",adoptme@cloud10catrescue.com,951-346-9100,"Riverside",CA,92508,
"Coastal German Shepherd Rescue of Southern California",inquiries@coastalgsr.org,(714) 528-4730,"Irvine",CA,92619,
"Coastal K9 German Shepherd Rescue",information@coastalgsrsd.org,858 779-9149,"San Diego",CA,92172,
"Cocker Connection",cockers2love@yahoo.com,(805) 499-4488,"Toluca Lake",CA,91506,
"Colusa County Animal Control",celliott@colusasheriff.com,(530) 458-0229,"Colusa",CA,95932,
"Community Cat Rescue",commcatrescue@gmail.com,650-308-4228,"Palo Alto",CA,94302,
"Community Concern for Cats",communityconcernforcats@gmail.com,,"Walnut Creek",CA,94596,
"Companions In Waiting",companionsinwaiting@yahoo.com,650 328 0474,"Half Moon Bay",CA,94019,
"Compassion Without Borders",adopt@cwob.org,(707) 703-4129,"Santa Rosa",CA,95401,
"Compassionate Animal Rescue for Medical Aid",carmaoc@cox.net,(949) 231-9184,"Mission Viejo",CA,92691,
"Compassionate Pet Sanctuary",paula_hansen@att.net,925-324-0113,"Oakland",CA,94609,
"Contra Costa Humane Society",adoptions@cchumane.org,925-279-2247,"Pleasant Hill",CA,94523,
"Contra Costa Rabbit Rescue",brooke@contracostarabbitrescue.org,925-522-0692,"Antioch",CA,94509,
"Contra Costa SPCA",contracostaspca@yahoo.com,(925) 689-8435,"Concord",CA,94522,
"Copper Hill Animal Clinic",copperhillanimalclinic@gmail.com,661-296-8848,"Santa Clarita",CA,91350,
"Copper's Dream Rescue",staff@coppersdream.org,,"Sunnyvale",CA,94085,
"Cornish Rex Friends",rescue@cornishrexfriends.org,(818) 269-3756,"Glendale",CA,91207,
"Coronado Veterinary Hospital",info@nadovet.com,(619) 435-6281,"Coronado",CA,92118,
"Countryside Rescue & Adoption Center",countrysiderescuesr@gmail.com,707-542-5582,"Santa Rosa",CA,95401,
"County of San Diego Department of Animal Services",dasinfo@sdcounty.ca.gov,619-767-2675,"San Diego",CA,92110,
"Courage to Train",woof@couragetotrain.com,(559) 410-7484,"Exeter",CA,93221,
"creatureKIND",creaturekind@verizon.net,,"Venice",CA,90291,
"D.R.E.A.M. Animal Rescue",dreamanimalrescue@gmail.com,949-836-5664,"Laguna Niguel",CA,92677,
"Dachshund PAWS",paawsplacement@yahoo.com,,"Hesperia",CA,92345,
"Dachshund Rescue of Los Angeles",tamarapitman@gmail.com,310 948-3754,"Los Angeles",CA,90024,
"Dachshunds and Friends Rescue",dachshundsandfriendsrescue@gmail.com,(818) 489-1513,"Burbank",CA,91505,
"Dalmatian Rescue of Southern California, Inc.",dalrescue@sbcglobal.net,(949) 374-1002,"Newport Beach",CA,92660,
"Dalmatian Rescue of West Los Angeles",gmckenzie1@earthlink.net,(310) 889-4731,"Los Angeles",CA,90049,
"Deaf Dog Rescue of America",info@deafdogrescueofamerica.org,,"Santa Clarita",CA,91387,
"Deb's Claws and Paws Rescue",debjackson1@comcast.net,530-763-2770,"Yuba City",CA,95991,
"Deborah's Rescues",crittersandrascals@gmail.com,(858) 602-2061,"Poway",CA,92064,
"Del Norte County Animal Control",jriggs@co.del-norte.ca.us,(707) 464-7235,"Crescent city",CA,95531,
"Del Oro Foundation",heike@delorofoundation.org,(408) 838-5401,"Gilroy",CA,95020,
"Delaney's Dog",delaneysdog@gmail.com,818-602-2212,"Van Nuys",CA,91406,
"Delta Animals Safe Haven (DASH)",sheila.clute@deltaanimals.org,925-219-0151,"Antioch",CA,94531,
"Delta Humane Society & S.P.C.A.",kayla@deltahumanesociety.com,(209) 466-0339,"Stockton",CA,95215,
"Deserving Pets Rescue",deservingpetsrescue@gmail.com,,"Red Bluff",CA,96080,
"Designer Dog Rescue",designerdogrescue@gmail.com,,"Sylmar",CA,91342,
"Dharma Dog Movement, Inc.",adopt@dharmadogmovement.org,,"Palm Springs",CA,92264,
"Divine Intervention",on-the-spot@sbcglobal.net,,"Meadow Vista",CA,95722,
"Doggie Bonez, Inc.",doggiebonezrescue@gmail.com,(714) 381-4344,"San Juan Capistrano",CA,92675,
"Doggie Protective Services",info@dpsrescue.com,,"Palo Alto",CA,94306,
"Doggone Crazy Animal Rescue, Inc.",info@doggonecrazyrescue.org,323-919-1800,"Los Angeles",CA,90046,
"Doggy Smiles Rescue",doggysmilesrescue@yahoo.com,(661) 816-1265,"Lancaster",CA,93536,
"Dogma Animal  Rescue",adoptions@dogmaanimalrescue.org,,"Monte Rio",CA,95462,
"Dogs Fur Days",info@dogsfurdays.org,,"San Diego",CA,92116,
"Dogs In Need Organization",sue@dogsinneedorg.com,714)404-4208,"Laguna Hills",CA,92653,
"Dogs Without Borders",hannah.dogswithoutborders@gmail.com,,"Los Angeles",CA,90048,
"Dogz In Need",dogzinneed@yahoo.com,(760) 390-8973,"Fallbrook",CA,92028,
"DogZone Rescue",dogzonerescue@yahoo.com,,"San Francisco",CA,94116,
"Domino Effect Animal Rescue",info@dominoeffectanimalrescue.org,,"Temecula",CA,92592,
"Downtown Dog Rescue",adopt@downtowndogrescue.org,818-407-4145,"Pasadena",CA,91109,
"DR Doghouse Bully Crew Rescue",doghousebullycrew@gmail.com,661-388-8704,"Studio City",CA,91604,
"du Clos de la Fourriere",pamgreen@cal.net,(530) 756-2997,"Davis",CA,95616,
"Dublin Creek Animal Foundation",info@dublincreekkennel.com,925-828-5355,"Dublin",CA,94568,
"Dusty Paws Rescue, Inc.",dustypawsrescue@aol.com,510-886-8925,"CASTRO VALLEY",CA,94546,
"East  County Animal Rescue",info@eastcountyanimalrescue.org,(619) 742-5280,"El Cajon",CA,92022,
"East Bay Animal Rescue & Refuge (EBARR)",animalrescue@ebarr.org,(925) 222-7047,"Concord",CA,94518,
"East Bay Rabbit Rescue",eastbayrabbit@gmail.com,,"Livermore",CA,94550,
"East Bay SPCA- Dublin Adoption Center",customercare@eastbayspca.org,925-479-9670,"Dublin",CA,94568,
"East of Eden Canine Rescue",eoerescue@yahoo.com,925-980-3035,"Tracy",CA,95376,
"Eastwood Ranch Foundation",maissad@eastwoodranch.org,,"Los Angeles",CA,90067,
"El Dorado Co. Animal Services - S. Lake Tahoe",susan.baumflek@edcgov.us,530-573-7925,"South Lake Tahoe",CA,96150,
"El Dorado County German Shepherd Rescue",edcgsr@edcgsr.com,530-677-6444,"Shingle Springs",CA,95682,
"Endless Pawsibilities",dogpaws4u@gmail.com,,"Glendora",CA,91740,
"Engelman Rescue",twistofnothing@yahoo.com,3108553407,"Los Angeles",CA,90016,
"English Springer Rescue America, Inc.",kateee@verizon.net,,"Northridge",CA,91326,
"ESCALON ANIMAL SHELTER",escalonshelter@yahoo.com,(209) 838-9908,"Escalon",CA,95320,
"Eskie Rescuers United American Eskimo Dog Rescue",contact@eskierescuers.org,,"La Mesa",CA,91941,
"Every Pet's Dream",everypetsdream@gmail.com,,"Santa Clara",CA,95050,
"EZ Heart & Soul Rescue",ezheartandsoulrescue@gmail.com,http://www.ezheartandsoulrescue.com/,"Acton",CA,93510,
"Family Additions",familyadditionsla@yahoo.com,(310) 548-4028,"Rancho Palos Verdes",CA,90275,
"Family Dog Rescue",adopt@ilovefamilydog.org,,"San Francisco",CA,94103,
"Fat Cat Rescue",adoptions@fatcatrescue.org,,"Mountain View",CA,94041,
"Fat Kitty City",cmkitty58@gmail.com,(916) 939-3418,"El Dorado Hills",CA,95762,
"Feline Friends Network",adoptions@felinefriendsnetwork.org,(650) 566-8287,"Stanford",CA,94305,
"Feline Network of the Central Coast",info@felinenetwork.org,805-549-9228,"San Luis Obispo",CA,93406,
"Feline Underground Network",felineundergroundnetwork@gmail.com,818-419-6185,"Santa Clarita",CA,91350,
"Feline Underground Rescue",purr4fur@gmail.com,951-400-2019,"Winchester",CA,92596,
"Felines & Friends",info@felinesandfriends.org,,"Culver City",CA,90231,
"Feral Change",sarah@feralchange.org,4155190091,"Oakland",CA,94607,
"Feral Paws Rescue Group",info@feralpawsrescuegroup.org,(559) 412-7226,"Fresno",CA,93722,
"Field Of Dreams Rescue",fieldofdreamsrescue1@gmail.com,707 624 6660,"Vacaville",CA,95688,
"FieldHaven Feline Center",info@fieldhaven.com,(916) 434-6022,"Lincoln",CA,95648,
"First Responders Animal ResQ",fraresq@gmail.com,925-979-8998,"Martinez",CA,94553,
"Fluff Buddies",info@fluffbuddies.org,(916) 214-8020,"North Highlands",CA,95660,
"Fluffs and Scruffs, A Dog Rescue",fluffsandscruffs@aol.com,,"Beverly Hills",CA,90209,
"FOCHP",fochp@yahoo.com,714-280-4993,"Orange",CA,92865,
"Forever Home Cat Rescue",dtfhcr@yahoo.com,949-829-0036,"Foothill Ranch",CA,92610,
"Foreverhome Pet Rescue",foreverhomepetrescue@gmail.com,818-530-5305,"Castaic",CA,91384,
"ForeverMeow",david@forevermeow.org,7603356767,"Palm Desert",CA,92260,
"Forgotten Felines of Sonoma County",shannon@forgottenfelines.com,(707) 576-7999,"Santa Rosa",CA,95403,
"Forgotten Paws Animal Rescue",admin@forgottenpaws.org,,"San Marcos",CA,92079,
"Forsaken Cats Rescue",alana@forsakencatsrescue.org,,"Pleasanton",CA,94566,
"Forte Animal Rescue",petfinder@farescue.org,(310) 362-0321,"Marina Del Rey",CA,90292,
"FOSMAS",adopt@fosmas.org,(669) 228-4440,"Morgan Hill",CA,95038,
"Foster Army Animal Rescue",info@fosterarmy.org,(951) 222-2104,"Riverside",CA,92506,
"Foundation for the Care of Indigent Animals",fciaadoptions@aol.com,,"Spring Valley",CA,91979,
"Four Paws Coonhound Rescue and Friends Inc.",fourpawsrescue777@gmail.com,619-851-1129,"El Cajon",CA,92021,
"Four Paws to Love",annette@fourpawstolove.org,(831) 216-8987,"Santa Cruz",CA,95061,
"Four-Legged Friends Pet Rescue",flfpetrescue@yahoo.com,(707) 272-4257,"Lakeport",CA,95453,
"Foxy Doxy Dachshund Rescue",ttpiggles@hotmail.com,Read descrip. & fill out application,"Atascadero",CA,93422,
"Freedom Rescue, Inc",freedomrescue1@yahoo.com,760-428-2044,"Temecula",CA,92591,
"Fresno Humane Animal Services",info@fresnohumane.org,559-600-7387,"Fresno",CA,93706,
"Friendly Farms",getinfo@friendlyfarms.org,,"Salinas",CA,93907,
"Friends for Life Rescue Network",fflrescuenetwork@gmail.com,,"Los Angeles",CA,90034,
"Friends For Pets Foundation",friendsforpets@hotmail.com,818-767-5919,"Sun Valley",CA,91352,
"Friends Forever, A Cat Sanctuary",sahartford530@gmail.com,530-885-4228,"Auburn",CA,95604,
"Friends of Cats",info@friendsofcats.org,(619) 561-0361,"El Cajon",CA,92040,
"Friends of Humane Society de Tijuana",lolasarg@gmail.com,,"San Ysidro",CA,92173,
"Friends of Milo Foundation",friendsofmilo02@gmail.com,(818) 321-9557,"Los Angeles",CA,90025,
"Friends of SNAP",haley@snap-sandiego.org,(619) 525-3047,"Encinitas",CA,92023,
"Friends of the Alameda Animal Shelter",info@alamedaanimalshelter.org,(510)337-8565,"Alameda",CA,94501,
"Friends of the Formerly Friendless",charlzebr@aol.com,(925) 808-8364,"Concord",CA,94524,
"Friends of Turlock Animals",turlockanimals@aol.com,209-634-6714,"Turlock",CA,95382,
"Friends of Unwanted Rabbits - FUR",teamfur@gmail.com,(916) 710-0105,"Sacramento",CA,95816,
"Friends of Upland Animal Shelter",bseager@friendsofuplandanimalshelter.org,909- 931-4185,"Upland",CA,91786,
"Friends4Pets",happyrescue@gmail.com,(408) 623-0030,"San Martin",CA,95046,
"From Cloud to Ground Animal Rescue",fctganimalrescue@gmail.com,(661) 752-5783,"Sun Valley",CA,91352,
"Frosted Faces Foundation",friends@frostedfacesfoundation.org,(715) 574-6320,"Ramona",CA,92065,
"Fur Baby Rescue",dawnvargas05@yahoo.com,213-840-0153,"Los Angeles",CA,90007,
"Fur-Ever Home",info@fur-ever-home.org,(949) 444-9154,"San Clemente",CA,92673,
"Fur.Ever",fur.ever@yahoo.com,(858) 731-6059,"San Diego",CA,92107,
"Furiends Forever, Inc.",info@furiendsforever.org,,"Burbank",CA,91502,
"Furry Canines Rescue",furrycaninesrescue@gmail.com,714-454-3126,"Fullerton",CA,92833,
"Furry Smiles International Rescue",fsirdog@gmail.com,,"Hacienda Heights",CA,91745,
"Gentle Spirits Project",projectgentlespirits@yahoo.com,(707) 567-2560,"Antioch",CA,94509,
"German Shepherd Rescue of Orange County",adoption@gsroc.org,714.974.7762,"Newport Beach",CA,92663,
"German Shepherd Rescue of Sacramento Valley",bab43@msn.com,(916) 655-3125,"Pleasant Grove",CA,95668,
"German Shepherd Rescue-Orphan Dog Placement",gsrescue@gsrescue.org,(818) 558-7560,"Burbank",CA,91502,
"Ghetto Rescue FFoundation",ghettorescue@gmail.com,714-924-GRFF,"Long Beach",CA,90814,
"Give Me Shelter Cat Rescue",info@givemesheltersf.org,415-810-7284,"San Francisco",CA,94141,
"Golden Gate Basset Rescue",info@ggbassetrescue.org,707-765-2690,"Petaluma",CA,94954,
"Golden Gate Labrador Retriever Rescue",jdavidson0516@gmail.com,,"San Francisco",CA,94104,
"Golden Oldies Cat Rescue",goldenoldiescats@gmail.com,8312009700,"Monterey",CA,93942,
"Golden Retriever Club of Greater Los Angeles Rescue",info@grcglarescue.org,(818) 700-5200,"Los Angeles",CA,91012,
"Goliath Mountain Rescue",goliathmountainrescue@gmail.com,,"Yreka",CA,96097,
"Gone to the Dogs Rescue Inc.",info@gonetothedogsrescue.org,(424) 352-9424,"Redondo Beach",CA,90278,
"Good Dog-Dog Talk Rescue",goodogsasha@aol.com,,"Brea",CA,92822,
"Grand-paws Senior Sanctuary",grandpawsrescue@aol.com,(661) 286-2066,"Acton",CA,93510,
"Grass Valley Animal Control",gvanimalcontrol@gmail.com,530-477-4630,"Grass Valley",CA,95945,
"Grateful Dogs Rescue",info@gratefuldogsrescue.org,(415) 587-1121,"San Francisco",CA,94141,
"Great Pyrenees Assoc. of So. CA Rescue Inc.",gpascrescue@aol.com,(909) 887-8201,"San Bernardino",CA,92407,
"Greater California German Shepherd Rescue Inc",info@gcgsr.org,(877) 268-0255,"Modesto",CA,95350,
"Green Dog Rescue Project",robinn@greendogproject.org,(707) 433-4377,"Windsor",CA,95492,
"Greendog Foundation",info@greendogfoundation.org,951-609-0765,"Capistrano Beach",CA,92624,
"Greyfoot Cat Rescue",greyfootcat@gmail.com,(805) 649-2844,"Ventura",CA,93002,
"Greyhound Friends for Life",greyhoundfriendsforlife@gmail.com,,"Santa Rosa",CA,95403,
"Group Education to Protect and Defend Animals",mrotties4ever@aol.com,408-309-2667,"San Jose",CA,95124,
"Guardian Angel Pet Rescue, Inc",guardianangelpet@gmail.com,(909) 838-5546,"Calimesa",CA,92320,
"Guardian Angels International Rescue",apply@adoptgair.org,,"Sunnyvale",CA,94089,
"Guardian's Light Dog Rescue",sfdogrescue@gmail.com,,"Tracy",CA,95376,
"Gunter's Legacy Animal Rescue, Inc.",info@gunterslegacy.org,(707) 273-4259,"Vallejo",CA,94590,
"H.A.L.T. (Helping Animals Live Tomorrow)",haltrescue@gmail.com,661-395-3018,"Bakersfield",CA,93301,
"H.E.L.P. (a Home for Every Living Pet)",helppets12@gmail.com,,"Rancho Palos Verdes",CA,90275,
"HA! Inc.",gduncan13@gmail.com,,"Panorama City",CA,91402,
"Hand Me Down Dog Rescue",hmddrescue@outlook.com,(661) 827-7129,"Bakersfield",CA,93308,
"Happy Days Animal Haven, Inc.",happydaysanimalhaven@yahoo.com,(760) 485-2803,"Desert Hot Springs",CA,92240,
"Happy Hearts German Shepherd Rescue",happyheartsgsdrescue@gmail.com,,"La Mesa",CA,91942,
"Happy Paws Rescue",happypawsrescueyc@aol.com,530-777-8550,"Yuba City",CA,95991,
"Happy Strays Rescue",info@happystrays.org,,"La Canada",CA,91012,
"Happy Tails Pet Sanctuary",cjmeakes@gmail.com,(916) 556-1155,"Sacramento",CA,95816,
"Hard Luck Cats",suesews2@yahoo.com,9099613931,"Moreno Valley",CA,92553,
"Harmony Acres Sanctuary at Mt. Lassen Animal Group",lassenfolks@citlink.net,,"Shingletown",CA,96088,
"Have-a-Heart Humane Society",haveaheart@bak.rr.com,661-822-5683,"Tehachapi",CA,93561,
"Haven Dog Rescue",havendogrescue@gmail.com,916-740-0042,"Roseville",CA,95747,
"Haven Humane Society",adoptions@havenhumane.org,530-241-1653,"Redding",CA,96099,
"Hayward Animal Services Bureau",animal.services@hayward-ca.gov,510-293-7200 x 7,"Hayward",CA,94544,
"Healing The Strays",healingthesyrays@gmail.com,(714) 220-7076,"Buena Park",CA,90622,
"Healthcare for Homeless Animals",robinflap@aol.com,Please e-mail,"Thousand Oaks",CA,91359,
"Heartfelt Hound Rescue",lauriewhoof@yahoo.com,510-658-7534,"Oakland",CA,94604,
"Hearts for Paws Rescue",heartsforpawsdavis@gmail.com,530-304-7629,"Davis",CA,95616,
"Heaven on Earth Society for Animals",adoptions@heavenlypets.org,(818) 474-2700,"North Hollywood",CA,91605,
"Heavens Helper Pet Rescue",aheavenshelper@gmail.com,(818) 923-8611,"Mission Hills",CA,91345,
"Helen Woodward Animal Center",adoptions@animalcenter.org,858-756-4117,"Rancho Santa Fe",CA,92067,
"Help For The Homeless Pets",hhppoundpuppies@sbcglobal.net,,"San Diego",CA,92065,
"Helping Out Pets Everyday",macc219@aol.com,(800) 811-4285,"Upland",CA,91786,
"Helping Persian Cats",helpingpersians@hotmail.com,310-801-2714,"Beverly Hills",CA,90210,
"Herd It Through The Grapevine",doghouse@hittgv.org,707-583-9583,"Santa Rosa",CA,95405,
"HiCaliber Horse Rescue",adoptions@hicaliber.org,,"Valley Center",CA,92082,
"High Plateau Humane Society",highplateauhumanesociety@gmail.com,530-233-9277,"Alturas",CA,96101,
"High Sierra Animal Rescue",info@highsierraanimalrescue.org,(530) 832-4727,"Portola",CA,96122,
"Holly's Garden Rescue",susan@hollysgarden.com,858-274-2940,"San Diego",CA,92109,
"Hollywood Huskies",hollywoodhuskiesrescue@gmail.com,310-467-8116,"Studio City",CA,91604,
"Home At Last Animal Rescue",info@homeatlastrescue.org,510-981-0890,"Berkeley",CA,94702,
"Home Free Animal Rescue  Sanctuary",kathy.leonard@me.com,949-370-2776,"Newport Beach",CA,92660,
"Home Of Our Own Foundation",homeofourownfoundation@gmail.com,(818) 219-2229,"West Hills",CA,91307,
"Homeless Animal Rescue Team",warmhearts@slohart.org,8059277377,"Cambria",CA,93428,
"Homeless Animals Response Program (H.A.R.P.)",harpmail@harp-rescue.org,(925) 431-8546,"Antioch",CA,94531,
"Homeless Animals' Lifeline Organization (H.A.L.O.)",starshalodogs@yahoo.com,(925) 473-4642,"Antioch",CA,94531,
"Homeless Cat Network",info@homelesscatnetwork.org,,"San Carlos",CA,94070,
"Homeless To Forever Foundation - Monrovia",homelesstoforever@gmail.com,,"Arcadia",CA,91066,
"Homeward Bound CSP Inc.",rpayne@shasta.com,(530) 549-4965,"Redding",CA,96049,
"Hoofs and Woofs Animal Rescue",boughdadly@aol.com,714- 609- 0799,"Valley Center",CA,92082,
"Hooves & Paws Animal Rescue",adoptions@hoovesandpaws.org,(661) 944-3740,"Littlerock",CA,93543,
"Hopalong Animal Rescue",info@hopalong.org,(510) 267-1915,"Oakland",CA,94602,
"Hope 4 Sweet Homes Rescue",rescuepups4ever@gmail.com,,"Sierra Madre",CA,91025,
"Hope For Animals International",hope4animalsintl@yahoo.com,,"Manteca",CA,95337,
"Hope Ranch Animal Sanctuary",k.haley.hope.ranch@gmail.com,(951) 515-4077,"Anza",CA,92539,
"Hope to Home for Cats",marita@cybertime.net,(909) 556-9113,"Yucaipa",CA,92399,
"Hope2K9 Rescue",info@hope2k9.com,(760) 224-6556,"Valley Center",CA,92082,
"House Of Broken Cookies",houseofbrokencookies@gmail.com,,"Los Alamitos",CA,90720,
"House Rabbit Society - International Headquarters",rabbit-center@rabbit.org,510-970-7575,"Richmond",CA,94804,
"Humane Society for Inland Mendocino County",hsimc@pacific.net,(707) 485-0123,"Redwood Valley",CA,95470,
"Humane Society of Del Norte",hsdnanimals@yahoo.com,(707) 464-1686,"Crescent City",CA,95531,
"Humane Society of Sonoma County - Healdsburg",wwelling@sonomahumane.org,(707) 431-3386,"Healdsburg",CA,95448,
"Humane Society of Sonoma County - Santa Rosa",hsscadoptions@humanesocietysoco.org,(707) 542-0882,"Santa Rosa",CA,95401,
"Humane Society of the North Bay",info@hsnb.org,(707) 645-7905,"Vallejo",CA,94590,
"Humane Society of Truckee-Tahoe",adoptions@hstt.org,(530) 587-5948,"Truckee",CA,96161,
"Humane Society of Tuolumne County",operations@hsotc.org,209-984-5489,"Jamestown",CA,95327,
"Humane Society of Ventura County",animals@humanesocietyvc.org,805-656-5031,"Ojai",CA,93023,
"Humane Society Silicon Valley",adoptions@hssv.org,(408) 262-2133,"Milpitas",CA,95035,
"Humanimal Connection Inc.",info@humanimalconnection.com,(888) 538-9402,"Redwood City",CA,94061,
"Humboldt County Animal Shelter",hsoanimalshelter@co.humboldt.ca.us,(707) 840-9132,"McKinleyville",CA,95519,
"I Dream of Home Rescue, Inc.",info@idohr.org,9097062289,"La Verne",CA,91750,
"I Stand With My Pack",adopt@iswmp.org,(310) 804-5087,"Los Angeles",CA,90049,
"I.C.A.R.E. Dog Rescue",rescue@icaredogrescue.org,(800) 961-1858,"Rancho Santa Margarita",CA,92688,
"IGCA Rescue Central California",igrescue3@aol.com,661-588-8828,"Bakersfield",CA,93312,
"IMPS - Internet Miniature Pinscher Service, Inc. - Southern CA/NV region",allthatca@aol.com,www.minpinrescue.org,"Santa Ana",CA,92707,
"Independent Rescuers",lorie.armbruster@gmail.com,949-929-9342,"Mission Viejo",CA,92692,
"Indian Dane Rescue",indiandane@aol.com,760-739-1450,"San Marcos",CA,92069,
"Indie Rescue Team",adoptions@startrescue.org,,"Pacific Palisades",CA,90272,
"Inland Valley Humane Society S.P.C.A.",adopter@ivhsspca.org,(909) 623-9777,"Pomona",CA,91766,
"Irvine Animal Care Center",animalcare@cityofirvine.org,(949) 724-7740,"Irvine",CA,92618,
"Island Cat Resources & Adoption",adoption@icraeastbay.org,510-869-2584,"Alameda",CA,94501,
"It's The Pits",info@itsthepits.org,(858) 220-7546,"San Diego",CA,92172,
"Itty Bitty Orphan Kitty Rescue",info@ibokrescue.org,408-414-3204,"Campbell",CA,95008,
"J.J. Woofin' Paws Rescue Agency",jjwoofinpaws@gmail.com,,"Woodland Hills",CA,91364,
"Jac 2 the Rescue",jac2therescue@gmail.com,(310) 995-0706,"Los Angeles",CA,90094,
"Jack Russell Rescue CA",jrussellrescueca@gmail.com,,"Moorpark",CA,93021,
"Jackie's PURRfect Match",info@jackiespurrfectmatch.org,,"Westchester",CA,90045,
"Jake's Place Cat Rescue",adoptions@jakesplacecatrescue.org,415-548-0824,"Novato",CA,94945,
"Jakes Wish Dog Rescue",petfinders@jakeswishrescue.org,,"San Jose",CA,95155,
"Jameson Rescue Ranch",deassa.binstock@jamesonrescueranch.org,707-815-8153,"St. Helena",CA,94574,
"Japanese Chin Care and Rescue Effort (JCCARE)",topekadogdad@gmail.com,,"Paicines",CA,95043,
"Jason Heigl Foundation",info@jasonheigl.foundation,,"Encino",CA,91316,
"Jellicle Cats Rescue Foundation",jelliclecats@jelliclecatsrescuefoundation.com,,"Long Beach",CA,90805,
"Jelly's Place",jellysplaceanimalrescue@gmail.com,5106213493,"Richmond",CA,94801,
"Jonah's Loving Heart Rescue",rachellegros@me.com,,"Beverly Hills",CA,90212,
"K-9 Heroes Rescue",k9heros@yahoo.com,805-722-2545,"Goleta",CA,93118,
"K-9 PALS (K-9 Placement and Assistance League, Inc.)",adoptme@k-9pals.org,805-570-0415,"Santa Barbara",CA,93160,
"K9 Best Friends Forever - K9BFF Inc.",k9bff@hotmail.com,(559) 380-9087,"Fresno",CA,93720,
"K9 Connection Pet ReHoming and Adoption",iamk9connection@gmail.com,9096570202,"Carlsbad",CA,92009,
"K9 Paw Print Rescue",k9pawprintrescue@gmail.com,,"Pittsburg",CA,94565,
"Karma Rescue",info@karmarescue.org,(310) 512-7833,"Santa Monica",CA,90403,
"Kate's Rescue for Animals",katesrescueinfo@gmail.com,,"Los Banos",CA,93635,
"Kellen Rescue",kellen@sti.net,209 742-4294,"Oakhurst",CA,93644,
"Ken-Mar Rescue",info@kenmarrescue.org,,"Los Angeles",CA,90026,
"Kimie's Kritters Pet Rescue",kims35@aol.com,916.397.4686,"Rescue",CA,95672,
"Kinder4Rescue",info@kinder4rescue.org,,"Studio City",CA,91604,
"King of Hearts Foundation",kingofheartsfoundation@hotmail.com,,"Valley Center",CA,92082,
"Kings County Animal Services",samantha.yang@co.kings.ca.us,(559) 852-2532,"Hanford",CA,93230,
"Kings SPCA",savethesepups@gmail.com,(559) 925-1630,"Lemoore",CA,93245,
"Kits & Kats Rescue",kitskatsrescue2@gmail.com,916-991-2340,"Newcastle",CA,95658,
"Kitt Crusaders, Inc.",mary@kittcrusaders.com,(323) 216-1921,"Los Angeles",CA,90035,
"Kitten Rescue",mail@kittenrescue.org,(818) 347-3037,"Los Angeles",CA,90039,
"Kitty Bungalow Charm School for Wayward Cats",students@kittybungalow.org,(323) 730-1102,"Los Angeles",CA,90018,
"Kitty Devore Rescue",petfinder@kittydevorerescue.org,(657) 210-0652,"San Pedro",CA,90731,
"Kitty Katchers",adoptions@kittykatchers.com,,"Lakewood",CA,90712,
"Kitty Rescue of San Diego Inc.",sandra.sato@navy.mil,(619) 410-4082,"Imperial Beach",CA,91933,
"Kribs for Kritters",kribsforkritters@hotmail.com,,"Brea",CA,92822,
"Kritter Kamp Rescue",kritter.kamp@yahoo.com,916-691-1364,"Elk Grove",CA,95758,
"Kumo's Proud Tails & Whiskers, Inc.",kumochanmama1@gmail.com,,"North Hollywood",CA,91603,
"Labrador Rescuers",doginfo@labrescuers.org,619-819-0234,"San Diego",CA,91941,
"Labradors and Friends Dog Rescue Group",labradorsandfriends@yahoo.com,619-990-7455,"San Diego",CA,92108,
"Labs and Friends.org",info@labsandfriends.org,,"Burbank",CA,91505,
"Laguna Beach Animal Shelter",lbas@lagunabeachcity.net,(949) 497-3552,"Laguna Beach",CA,92651,
"Laguna Woods Cat Club",nancydykema@comline.com,(949) 951-2760,"Laguna Woods",CA,92637,
"Lange Foundation",info@langefoundation.org,(310) 473-5585,"Los Angeles",CA,90025,
"LaPAWS Santa Barbara County",tammy.stricklin@sbcphd.org,(805) 737-7755,"Lompoc",CA,93436,
"LapCats",info@lapcats.org,(916) 247-2287 (CATS),"Elk Grove",CA,95758,
"Lassen County Animal Control",animalcontrol@co.lassen.ca.us,530-257-9200,"Susanville",CA,96130,
"Lassen Humane Society",lassenhumanesociety@yahoo.com,(530) 251-7135,"Susanville",CA,96130,
"Last Chance at Life All Breed Rescue",info@lastchanceatlife.org,,"Oceanside",CA,92058,
"Last Hope Cat Kingdom",friends@lasthopecatkingdom.org,(209) 355-8690,"Atwater",CA,95301,
"Lazy Dog Rescue",lazydogrescue@gmail.com,(760) 749-7266,"Valley Center",CA,92082,
"League of Extraordinary Mutts",info@loemrescue.org,424-248-5977,"Los Angeles",CA,90025,
"Leashes of Love Rescue, Inc.",lolrescue@outlook.com,949-445-5558,"Mission Viejo",CA,92691,
"Leave No Paws Behind, Inc",info@leavenopawsbehind.com,,"Sun Valley",CA,91352,
"Legend Animal Rescue",sdago777@hotmail.com,619-518-8778,"Ramona",CA,92065,
"Let Them Be Little Feline Rescue",info@ltblrescue.org,,"San Jacinto",CA,92582,
"Lhasa Happy Homes Rescue",lhasahappyhomes@aol.com,310.74-LHASA,"Santa Monica",CA,90405,
"LIFE Animal Rescue",lifeanimalrescue@gmail.com,(818) 707-2007,"Agoura Hills",CA,91301,
"Lifeline For Pets",kdhart@yahoo.com,626-797-1753,"Monrovia",CA,91016,
"Lily's Legacy Senior Dog Sanctuary",lilyslegacysds@gmail.com,(415) 488-4984,"Petaluma",CA,94954,
"Linda Blair Worldheart Foundation",lbworldheart1@gmail.com,(661) 269-8720,"Toluca Lake",CA,91602,
"Lionel's Legacy",seniors@lionelslegacy.org,619-212-5623,"El Cajon",CA,92020,
"Little Dog Rescue",sqcahn@gmail.com,714-669-0534,"Cowan Heights",CA,92705,
"Little Pampered Paws Rescue",littlepamperedpawsrescue@gmail.com,818-570-4117,"Winnetka",CA,91306,
"Little Wolf Rescue",littlewolfrescue@gmail.com,,"Pasadena",CA,91105,
"Live Love Animal Rescue",adopt@liveloveanimalrescue.org,(213) 282-7297,"Long Beach",CA,90807,
"Living Free",animals@living-free.org,(951) 659-4687,"Mountain Center",CA,92561,
"Lone Oak Rescue Inc",info@loneoakrescue.org,925-290-7625,"Coarsegold",CA,93614,
"Long Beach Animal Care Services",animalcare@longbeach.gov,(562) 570-7387,"Long Beach",CA,90815,
"Long Beach Felines",lbfelines@yahoo.com,(562) 453-7377,"Long Beach",CA,90814,
"Long Beach Spay Neuter",fishmjo@yahoo.com,(562) 544-0335,"Long Beach",CA,90802,
"Lori's Angels Animal Rescue",lorisangelsrescue@gmail.com,818-333-6641,"Granada Hills",CA,91344,
"Los Angeles Rabbit Foundation",losangelesrabbits@earthlink.net,310-713-2478,"Los Angeles",CA,90025,
"Lots of Love For Anjmals",daisyduke568@gmail.com,,"Spring Valley",CA,91978,
"Love & Second Chances",melody@lovesecondchances.com,,"San Ramon",CA,94582,
"Love Habitat Rescue",lovehabitatrescue@live.com,310-935-5524,"Northridge",CA,91325,
"Love of Animals Inc.",robert@loveofanimals.org,559-697-5628,"Visalia",CA,93277,
"Lovebugs Rescue",info@lovebugsrescue.org,,"Corona Del Mar",CA,92625,
"Loving All Animals, Inc.",lynne@lovingallanimals.org,(760) 834-7000,"Palm Desert",CA,92260,
"Lucky Bunny Rabbit Rescue",nancy@luckybunnyrescue.org,(951)-790-2867,"Murrieta",CA,92564,
"Lucky Dog Rescue Inc",olveiry@gmail.com,(925) 787-5825,"Pleasanton",CA,94566,
"Lucky Paws Rescue",adopt@luckypawssite.org,,"San Jose",CA,95123,
"Luna Siberian Rescue",lunasiberianrescue@aol.com,,"Yucca Valley",CA,92286,
"MAD Dog Rescue",darfler.ryan@maddogrescue.net,(925) 285-8869,"Richmond",CA,94806,
"Maine Coon Adoptions (MCA)",mainecoonadoptions@gmail.com,510-710-9250,"Oakland",CA,94602,
"Making Biscuits Cat Rescue",hello@makingbiscuits.org,,"Long Beach",CA,90815,
"Maltese Rescue California",info@malteserescuecalifornia.org,(626) 222-6879,"San Dimas",CA,91773,
"Marin Cat Connection",webmaster@marincatconnection.org,415/381-1440,"Tiburon",CA,94920,
"Marin Humane Society",adoptions@marinhumanesociety.org,415 506-6225,"Novato",CA,94949,
"Marley's Mutts Dog Rescue",inquiries@marleysmutts.com,661-750-2875,"Tehachapi",CA,93561,
"Marley's Pit Stop Rescue",pitstoprescue@ca.rr.com,310.995.1221,"El Segundo",CA,90245,
"Martin's Home, Inc.",jmclaug@me.com,(760) 534-0068,"Valley Center",CA,92082,
"Mary S. Roberts Pet Adoption Center",adopt1@petsadoption.org,(951) 688-4340,"Riverside",CA,92504,
"Match Made in Heaven Animal Rescue",matchmadeinheavenrescue@gmail.com,(510) 244-3880,"Alameda",CA,94501,
"Mayte's Rescue",miamorinc@mayte.com,8187936000,"Woodland Hills",CA,91364,
"Memories of Besa Rescue, Inc.",memoriesofbesarescue@gmail.com,(415) 939-2919,"Berkeley",CA,94709,
"Mending Fences",mendingfencesca@gmail.com,559 382-6601,"Fresno",CA,93729,
"Mendo Shelter Pets Rescue",alana@mendoshelterpets.com,(530) 570-4538,"Willits",CA,95490,
"Mendocino Coast Humane Society",admin_assistant@mendocinohumane.org,(707) 964-7729,"Fort Bragg",CA,95437,
"Mendocino County Animal Care Services",campbella@co.mendocino.ca.us,(707) 467-6453,"Ukiah",CA,95482,
"Menifee Valley Humane Society",info@mvhumanesociety.com,(951) 246-7960,"Sun City",CA,92586,
"MeoowzResQ",meoowzresq@aol.com,714-997-0868,"Orange",CA,92867,
"Mighty Mutts Rescue",adoption@mightymuttsrescue.org,6504549570,"Brisbane",CA,94005,
"Milo's Sanctuary & Special Needs Cat Rescue, Inc.",milosadopt@gmail.com,,"Burbank",CA,91505,
"Miniature Schnauzers & Friends Rescue",msfrescue@gmail.com,,"Redondo Beach",CA,90278,
"Miracle Dog Rescue",miracledogrescue@gmail.com,,"Bell Gardens",CA,90201,
"Miss Winkles Pet Adoption Center, Clovis",petadoptioncenter@cityofclovis.com,(559) 324-2465,"Clovis",CA,93612,
"Mission Viejo Animal Services Center",ask-shelter@cityofmissionviejo.org,(949) 470-3045,"Mission Viejo",CA,92692,
"Mixed Mutts",mixedmutts@gmail.com,,"Upland",CA,91784,
"Molly's Place Rescue  Sanctuary",mollysplacerescuesanctuary@gmail.com,,"Palmdale",CA,93552,
"Monterey Park Police / Animal Services",westrada@montereypark.ca.gov,(626) 307-1217,"Monterey Park",CA,91754,
"Moreno Valley Animal Services",animalshelter@moval.org,951.413.3790,"Moreno Valley",CA,92553,
"Morongo Basin Humane Society",morongobasinhumanesociety@gmail.com,(760) 366-3786,"Joshua Tree",CA,92252,
"Mountains Humane Society",mountainshumanesociety@hotmail.com,909-337-6422,"Lake Arrowhead",CA,92352,
"Much Love Animal Rescue",info@muchlove.org,,"Los Angeles",CA,90034,
"Mutt Hut Rescue, Inc",mutthutrescue@gmail.com,,"Huntington Park",CA,90255,
"Mutt Match LA",info@muttmatchla.org,(323) 839-2980,"los angeles",CA,90027,
"Muttly Crew",muttlycrewinc@gmail.com,(949) 212-8378,"Lake Forest",CA,92630,
"Mutts and Moms",pawboutique@yahoo.com,,"Pasadena",CA,91001,
"Mutts and Runts Rescue",brandi0321@gmail.com,(619) 808-8059,"Bakersfield",CA,93306,
"Mutts in Need",muttsinneed@gmail.com,,"Newport Beach",CA,92660,
"Mutts Transport Services dba Tails of Rescue",981lake@gmail.com,530-448-7444,"Redding",CA,96003,
"Muttville Senior Dog Rescue",adoptions@muttville.org,(415) 272-4172,"San Francisco",CA,94141,
"Namaste Akita Rescue Alliance",info@namasteakitarescue.com,,"Walnut Creek",CA,94596,
"Napa County Animal Shelter",kelly.tracey@countyofnapa.org,707-253-4382,"Napa",CA,94559,
"Napa Small Animal Hospital, Inc",adoption@nsahinc.com,(707) 257-8866,"Napa",CA,94558,
"National Cat Protection Society",newport@natcat.org,949-650-1232,"Newport Beach",CA,92663,
"National Cat Protection Society",springvalley@natcat.org,619-469-8771,"Spring Valley",CA,91977,
"Nevada County PAWS",printsopaws@gmail.com,,"Grass Valley",CA,95945,
"New Beginnings For Animals",info@greatpets.org,(949) 348-8057,"Mission Viejo",CA,92690,
"New Life K-9 Rescue",mercedes@newlifek-9rescue.org,,"Sherman Oaks",CA,91423,
"Newport Beach Animal Shelter",vschomburg@nbpd.org,949-644-3656,"Newport Beach",CA,92660,
"NikaPower, Inc dba The Rescued Pup",therescuedpup@gmail.com,(760) 788-6805,"Ramona",CA,92065,
"Nike Animal Rescue Foundation (NARF)",info@narfrescue.org,408-224-NARF (6273),"San Jose",CA,95159,
"Niko Rescue Foundation",resqri@yahoo.com,,"Ripon",CA,95366,
"Nine Lives Foundation",ninelivesfoundation@gmail.com,650-368-1365,"Redwood City",CA,94063,
"NKLA Pet Adoption Center",adopt@nkla.org,424-208-8840,"Los Angeles",CA,90025,
"No Stray Left Behind",dogrescue909@gmail.com,,"Apple Valley",CA,92307,
"Noahs Bark",noahsbarkdogs@yahoo.com,310-462-9943,"Manhattan Beach",CA,90266,
"Nobody's Perfekt Dogs",nobodysperfektdogs@comcast.net,(510) 459-0396,"San Leandro",CA,94577,
"Nor Cal Pom Rescue, Inc.",norcalpomrescue@gmail.com,(707) 541-6907,"Santa Rosa",CA,95403,
"NorCal Boxer Rescue Inc.",info@ncbr.org,866-989-NCBR,"Davis",CA,95616,
"NorCal Bully Breed Rescue",norcalbullybreedrescue@gmail.com,,"Lincoln",CA,95648,
"NorCal Cocker Rescue",janetleigh44@gmail.com,916-541-5149 or 408-761-5414,"Sacramento",CA,95825,
"NorCal German Shorthaired Pointer Rescue",adopt@norcalgsprescue.org,408-402-2092,"Menlo Park",CA,94026,
"NorCal Poodle Rescue",norcalpoodlerescueinc@gmail.com,,"Walnut Creek",CA,94598,
"NorCal Sheltie Rescue",sheltieroses@frontiernet.net,(888) 296-9350,"Elk Grove",CA,95758,
"North Bay Canine Rescue & Placement",petfinder@northbaycanine.org,(707) 776-6855,"Petaluma",CA,94955,
"Northern California Animal Rescue Friends",alphabeagle@gmail.com,510-770-0208,"Elk Grove",CA,95758,
"Northern California Doberman Rescue",norcaldoberescue@gmail.com,,"Red Bluff",CA,96080,
"Northern California Herpetological Society",ssueig@gmail.com,(916) 486-4293,"Sacramento",CA,95866,
"Northern California Italian Greyhound Rescue IGCA",bjb5557@sbcglobal.net,,"Vacaville",CA,95687,
"Northern California Sled Dog Rescue (NorSled)",rescue@norsled.org,(800) 471-5822,"Walnut Creek",CA,94598,
"Northwest S.P.C.A.",contact@northwestspca.org,(530)533-7636,"Oroville",CA,95965,
"NTS Adopt A Pet Program",adoptapet1954@hotmail.com,951-258-4667,"Colton",CA,92324,
"O.C. Animal League, Inc.",info@ocanimalleague.org,714-465-9896,"Huntington Beach",CA,92648,
"Oakdale Equine Rescue",oakdaleequinerescue@ymail.com,209-614-2338,"Oakdale",CA,95361,
"OC Animal Care",occrocpetinfo@occr.ocgov.com,714-935-6848,"Orange",CA,92868,
"OC ARC Orange County Animal Rescue Coalition",fran@oc-arc.com,(949) 451-3272,"Irvine",CA,92604,
"OC Community Cats",admin@occommunitycats.com,(714) 866-8075,"Anaheim",CA,92804,
"OC Small Paws",ocsp.adoptions@gmail.com,714-815-4300,"Fountain Valley",CA,92708,
"Old Dogs New Tricks",olddogs43@gmail.com,916-342-1210,"Carmichael",CA,95608,
"Old English Sheepdog Rescue of Southern California",oesr@earthlink.net,Please email,"Santa Monica",CA,90405,
"Old Yeller Ranch Rescue",oldyellerranchrescue@gmail.com,(805) 500-6977,"Los Olivos",CA,93441,
"Olive Branch Parrot Rescue, Inc.",obparrotrescue@yahoo.com,(909) 609-9048,"Redlands",CA,92373,
"One By One Rescue Project",onebyonerp@gmail.com,,"Auburn",CA,95603,
"One Dog at a Time",allfiredup@surewest.net,916-717-2661,"Orangevale",CA,95662,
"One Planet Rescue",kfravon@yahoo.com,(408) 431-6954,"San Jose",CA,95154,
"Open Arms Rescue",openarmsrescue@hotmail.com,(760) 470-7643,"Imperial Beach",CA,91933,
"Orange County Pit Bull Rescue",adopt@ocpbr.org,,"La Habra",CA,90632,
"Orphan Dog Rescue",karen@lakecountyanimalservices.org,707-349-2624,"Lakeport",CA,95453,
"Orphan Kitten Project",okpadoptions@gmail.com,(530) 752-9407,"Davis",CA,95617,
"Our Pack, Inc.",info@ourpack.org,(408) 460-4244,"San Jose",CA,95118,
"Outlaw Dogs",theoutlawdogs@gmail.com,714-925-1006,"Santa Ana",CA,92705,
"Ozzies Pound Puppies",rescue@ozziespoundpuppies.org,,"Concord",CA,94518,
"Pacific Animal Welfare Society  (PAWS of Coronado)",info@pawsofcoronado.org,(619) 437-0220,"Coronado",CA,92118,
"Pacific Coast Dog Rescue",pacificcoastdogrescue@yahoo.com,(818) 701-0659,"Burbank",CA,91504,
"Pacific Pups Rescue",info@pacificpupsrescue.com,845-742-3924,"Marina Del Rey",CA,90292,
"Pacific Siamese Rescue",psrdirector@siameserescue.org,(408) 426-5523,"Carmichael",CA,95608,
"Paddington Station",lynxcat@comcast.net,,"Felton",CA,95018,
"PAL Rescue & Adoption",pal@palrescue.org,,"El Segundo",CA,90245,
"Palm Springs Animal Shelter",info@psanimalshelter.org,760-416-5718,"Palm Springs",CA,92263,
"Palms n Paws Animal Shelter",palmsnpaws@29palms.org,(760) 367-0157,"Twentynine Palms",CA,92277,
"Palo Alto Animal Services",animalservices@cityofpaloalto.org,650-496-5971,"Palo Alto",CA,94303,
"Pardon . . . Me, Inc.",pardonmeinc@yahoo.com,,"Anaheim Hills",CA,92808,
"Parrot Education & Adoption Center",parroted@peac.org,(619) 287-8200,"San Diego",CA,92160,
"Passion for Pitties",savepitties@yahoo.com,(619) 884-4008,"San Diego",CA,92154,
"PATCH Rescue Inc",patchrescue@gmail.com,,"Victorville",CA,92393,
"Pause 4 Paws Rescue Mission",pause4pawsrescuemission@yahoo.com,707-363-5260,"Vacaville",CA,95696,
"PAW FUND",adoptions@pawfund.org,510-390-3488,"Emeryville",CA,94662,
"Paw Parent",pawparent@gmail.com,661-724-0642,"Lancaster",CA,93536,
"Paw Printz Pitbull Rescue",pawprintzrescue@gmail.com,Contact via E:mail,"Bakersfield",CA,93314,
"Paw Works",chad@pawworks.org,805-616-4101,"Camarillo",CA,93010,
"Paws Crossed Small Dog Rescue",pattyf2000@gmail.com,510-390-4031,"Oakland",CA,94611,
"Paws Pet Resorts Rescue San Clemente",infosc@pawspetresorts.com,(800) 964-7297,"San Clemente",CA,92673,
"Paws Worldwide",foster@pawsworldwide.org,206.450.5154,"Yucca Valley",CA,92284,
"PAWS4thought Animal Rescue",paws4thoughtrescue@gmail.com,(323) 363-4129,"Bonita",CA,91908,
"Pawsitive Connections",info@pawsitiveconnections.org,(559) 393-1946,"Kingsburg",CA,93631,
"Pawsitive Tails to Remember",rescue@pawsitivetailstoremember.org,(323) 403-8106,"Newport Beach",CA,92660,
"Peace of Mind Dog Rescue",info@peaceofminddogrescue.org,(831) 718-9122,"Pacific Grove",CA,93950,
"Pei People Shar Pei Rescue, Inc.",adopt@peipeople.com,,"Lake Forest",CA,92609,
"Peninsula CatWorks",adoptions@peninsulacatworks.org,(650) 329-9570,"Palo Alto",CA,94306,
"Peninsula Humane Society & SPCA",adoptinquire@peninsulahumanesociety.org,650-340-7022,"Burlingame",CA,94010,
"People And Cats Together",pactcats@aol.com,(310) 230-5974,"Redondo Beach",CA,90277,
"People Assisting Lodi Shelter (PALS)",pals.lodi@yahoo.com,(209) 224-0354,"Lodi",CA,95242,
"People for Pets",inquiries@peopleforpets.com,209-933-6274,"Tracy",CA,95376,
"Perfect Pet Rescue",nancy@perfectpetrescue.com,310-726-3731,"Los Angeles",CA,90210,
"Performance Rescue",performanceresq@att.net,(530) 409-9800,"Somerset",CA,95684,
"Pet Adoption and Wellness Services (PAWS)",info@pawspetadoption.org,530-383-5369,"Woodland",CA,95695,
"Pet Adoption Connection",petadoptconnect@gmail.com,(714) 494-6024,"Buena Park",CA,90622,
"Pet Adoption Fund",admin@petadoptionfund.org,(818) 340-1687,"Canoga Park",CA,91303,
"Pet Assistance League of Northern California",palofnorcal@gmail.com,,"Davis",CA,95616,
"Pet Friends",office@petfriends.org,(831) 634-1191,"Hollister",CA,95023,
"Pet Harbor",sparegoldens@aol.com,310-324-6600,"Palos Verdes Peninsula",CA,90274,
"Pet Match Rescue",adoptpetmatch@gmail.com,,"Newport Beach",CA,92658,
"Pet Matchmaker Rescue",petmatchmakerca@gmail.com,,"Bakersfield",CA,93312,
"Pet Place International, Inc.",joanmarie123@cox.net,(949) 683-5412,"Yucca Valley",CA,92284,
"Pet Project Foundation",info@petprojectfoundation.org,949-595-8899,"San Clemente",CA,92674,
"Pet Rescue Association",petrescue_1@msn.com,(818)  767-4400,"Sun Valley",CA,91352,
"Pet Rescue Solutions",petrescuesolutions@gmail.com,6267581977,"South El Monte",CA,91733,
"PETaluma PET Pals",info@petalumapetpals.org,707-322-8399,"Petaluma",CA,94952,
"Peter Zippi Memorial Fund Inc",contact@peterzippifund.org,(310) 379-1264,"Hermosa Beach",CA,90254,
"Pets Care",contact@petscare.org,,"San Jose",CA,95129,
"Pets Forever Found",petsforeverfound@hotmail.com,760 490 8328,"Oak Hills",CA,92301,
"Pets In Need",adoptions@petsinneed.org,(650) 367-1405,"Redwood City",CA,94063,
"Pets Without Partners",adopt@petswithoutpartners.org,530-555-5555,"Redding",CA,96001,
"Philozoia",adoptions@philozoia.org,310-428-8336,"Santa Monica",CA,90401,
"PigHarmony",tumbleweed91608@yahoo.com,(818) 203-9206,"Acton",CA,93510,
"Pink Paws Rescue & Adoption",pinkpaws4cats@roadrunner.com,,"Thousand Oaks",CA,91360,
"Pinky Paws ResQ",all4pawpaws@yahoo.com,(559) 349-7369,"Fowler",CA,93625,
"Pit Crew Sacramento",adopt@pitcrew.org,,"Rocklin",CA,95677,
"PItbulls and Mascara",pitbullsandmascara@gmail.com,310-903-9006,"Los Angeles",CA,90016,
"Pits R Us All Breed Rescue and Adoptions",pitsrus707@yahoo.com,pitsrus.org,"Vacaville",CA,95688,
"Pitter Patter Rescue and Adoption",pitterpatterrescue@gmail.com,,"Vacaville",CA,95687,
"Pitties and Company",pittiesandco@gmail.com,(256) 415-1845,"El Cajon",CA,92021,
"Placer County Animal Services Center",ansinfo@placer.ca.gov,(530) 886-5540,"Auburn",CA,95603,
"Please Dont Kill Me Inc",milena@plsdontkillme.org,,"Los Angeles",CA,90032,
"Plumas Animal Welfare Society (PAWS)",quincycathouse@hotmail.com,(530) 283-5433,"Quincy",CA,95971,
"Poke-A-Dot's Dalmatian's and Friends Rescue",pokeadotsrescue@gmail.com,,"Lodi",CA,95240,
"Pooch Heaven",poochheavenvolunteer@gmail.com,(818) 994-8138,"Lake Hughes",CA,93532,
"Pooch Match",poochmatch@hotmail.com,714-241-9765,"Santa Ana",CA,92780,
"Pound Puppy Rescue",info@poundpuppyrescue.org,,"Redwood City",CA,94061,
"Precious Pals Pet Rescue",preciouspalspetrescue@gmail.com,,"Encino",CA,91316,
"Precious Paws, L.A.",petfinder@preciouspaws.org,,"Encino",CA,91316,
"Priceless Pet Rescue",priceless.pets@yahoo.com,909-203-3695,"Chino Hills",CA,91709,
"Project I Belong",angel4animals20@yahoo.com,714 801-8790,"Orange",CA,92866,
"Pug Nation Rescue of LA",gwenn@pugnationla.org,310-327-7871,"Gardena",CA,90248,
"Pug Rescue of Korea",hello@pugrescueofkorea.org,,"Fullerton",CA,92833,
"Pugs N Roses",alana@pugsnroses.com,,"Poway",CA,92064,
"Pups and Pals",pupsandpalsrescue@yahoo.com,email us please,"Los Alamitos",CA,90720,
"Pups Rescue",pupsrescue@hotmail.com,(209) 956-3004,"Stockton",CA,95212,
"Pupz N Palz Rescue",info@pupznpalz.org,209-480-8662,"Modesto",CA,95355,
"Purebreds Plus Cat Rescue",info@purebredsplus.org,,"Davis",CA,95618,
"Purrfect Fit Cat Rescue",purrfectfit2000-rescue@yahoo.com,951-817-9545,"Corona",CA,92879,
"Purrfect Pals",asmcmvw@aol.com,,"Santa Rosa",CA,95401,
"PURRfect Partners",cats@purrfectpartners4cats.com,310-370-0526,"Redondo Beach",CA,90277,
"Purrfect Solutions Feline Rescue",purrfectsolutionsrescue@yahoo.com,(818) 784-4297,"Sherman Oaks",CA,91403,
"Raining Cats 'n' Dogs",itsrainingcatsndogs@yahoo.com,(530) 232-6299,"Redding",CA,96099,
"Ramona Humane Society",ramonahumanesociety@yahoo.com,(951) 654-8002 x 0,"San Jacinto",CA,92582,
"Rancho Coastal Humane Society",info@rchumanesociety.org,760-753-6413,"Encinitas",CA,92024,
"Rancho Cucamonga Animal Care and Adoption Center",rcpets@cityofrc.com,909-466-PETS (7387),"Rancho Cucamonga",CA,91730,
"Ratbone Rescues - West Region",ratposting@yahoo.com,,"Isleton",CA,95641,
"Red Rover Rescue",redroverrescue@gmail.com,,"Boulder Creek",CA,95006,
"Redlands Animal Shelter",wmiller@redlandspolice.org,(909) 798-7644,"Redlands",CA,92373,
"Redlands Humane Society",redlandshumane@yahoo.com,909-792-6199,"Redlands",CA,92375,
"Redwood Coast Cattledog Rescue",info@redwoodcattledog.org,(707) 879-8570,"Bodega",CA,94922,
"Redwood Coast Humane Society",redwoodcoasthumane@gmail.com,(707) 884-1304,"Gualala",CA,95445,
"Redwood Pals Rescue",redwoodpalsrescue@gmail.com,,"Mckinleyville",CA,95519,
"Rescue and Rehome, Inc.",rescuenrehome@gmail.com,,"Quail Valley",CA,92587,
"Rescue For Pet Sake",forpetsake@sbcglobal.net,(530) 263-3331,"Grass Valley",CA,95949,
"Rescue From The Hart",rfth@rescuefromthehart.org,,"Van Nuys",CA,91409,
"Rescue House",webcat@rescuehouse.org,,"San Diego",CA,92193,
"Rescue Me Incorporated",rescuemeincorporated@yahoo.com,818-999-2400,"Woodland Hills",CA,91365,
"Rescue of Cairn Terrier Club of Northern California",rescue@ctcnc.net,925-846-9337,"Pleasanton",CA,94588,
"Rescue Ranch Inc.",info@rrdog.org,(530) 842-0829,"Yreka",CA,96097,
"Rescued Angels, Inc.",rescuedangelsca@gmail.com,310-415-5360,"El Segundo",CA,90245,
"ResQ Animal Coalition",resq@resqanimalcoalition.com,530-276-ZDOG (9364),"Redding",CA,96001,
"RESQCATS",resqcats@aol.com,(805) 563-9424,"Santa Barbara",CA,93130,
"ResQpaws Volunteer Organization",info@resqpaws.org,530-713-9079,"Yuba City",CA,95993,
"ResQPet",janyjkim@gmail.com,,"West Hills",CA,91307,
"Reunion Rescue",doggirl1@earthlink.net,,"San Francisco",CA,94110,
"Reverence for Life Pet Adoptions",reverenceforlife3@gmail.com,,"Mountain Center",CA,92561,
"Rhodesian Ridgeback Rescue of Northern California",resqrij@ridgeback.org,925-899-4612,"Hollister",CA,95023,
"Rhodie's Rescue",rhodiesrescue@gmail.com,(925) 344-9959,"Knightsen",CA,94548,
"Ridgecrest Animal Care & Control",mstage@ci.ridgecrest.ca.us,(760) 499-5190,"Ridgecrest",CA,93555,
"River Bottoms Rescue Inc.",tooomanypets@msn.com,,"Olivehurst",CA,95961,
"River City Cat Rescue",rivercitycatrescue@yahoo.com,916-326-0033,"Sacramento",CA,95841,
"River's Rescue",riversrescueca@gmail.com,,"Woodland",CA,95695,
"Riverside County Animal Services",shelterinfo@co.riverside.ca.us,951 358 7387,"Riverside",CA,92504,
"Rocket Dog Rescue",adopt@rocketdogrescue.org,,"San Francisco",CA,94110,
"Rocking Horse Ranch",hope@rockinghorseranch.org,(619) 443-5400,"El Cajon",CA,92021,
"Room 8 Memorial Cat Foundation",room8cats@gmail.com,951-681-9609,"Riverside",CA,92509,
"Rotts of Friends Animal Rescue",rottsoffriends@gmail.com,530-661-0213,"Woodland",CA,95695,
"Rover Rescue",adopt@roverrescue.com,310-379-0154,"Redondo Beach",CA,90277,
"Rover's Retreat Dog Rescue",roversretreat.org@gmail.com,8585295678,"San Diego",CA,92110,
"Runamuk Rescue",bellestarrgang@gmail.com,,"Chico",CA,95928,
"Russell Rescue (North Carolina)",mcbburton@gmail.com,,"Stockton",CA,95206,
"Russell Rescue CA",russellrescueca@gmail.com,805-680-1992,"Lompoc",CA,93436,
"Russell Rescue CA",lynnbonham1@gmail.com,(805) 680-1992,"Lompoc",CA,93436,
"Sachi Animal Rescue",sachianimalrescue@gmail.com,,"Los Angeles",CA,90066,
"Sacramento County Animal Care and Regulation",countyanimalcare@saccounty.net,,"Sacramento",CA,95827,
"Sacramento House Rabbit Society",soniastudio@sbcglobal.net,916-863-9690,"Sacramento",CA,95819,
"Sacramento Sierra Norwegian Elkhound Club (SSNEC)",seg1seg@aol.com,(916) 965-6846,"Sacramento",CA,95842,
"Sacramento SPCA",generalmail@sspca.org,(916) 383-7387,"Sacramento",CA,95828,
"Safe Haven Animal Sanctuary",adoptions@safehavenanimalsanctuary.org,408-420-7233,"Cupertino",CA,95014,
"Saffyre Sanctuary, Inc.",esta@saffyresanctuary.org,(818) 842-4368,"Sylmar",CA,91392,
"SAKrescue",sakrescuecats@gmail.com,(916) 491-1657,"Sacramento",CA,95841,
"Sammie's Friends Animal Shelter",ruthrasmussen@msn.com,530-471-5041,"Grass Valley",CA,95949,
"Sammy Foundation Inc",sfirescue@gmail.com,310-795-6916,"Pacific Palisades",CA,90272,
"San Bernardino City Animal Control",vanness_je@sbcity.org,909-384-1304,"San Bernardino",CA,92408,
"San Diego House Rabbit Society",adopt@sandiegorabbits.org,(858) 565-2869,"San Diego",CA,92111,
"San Diego Humane Society",info@sdhumane.org,(619) 299 -7012,"San Diego",CA,92110,
"San Francisco Samoyed Rescue",rescue@sfsr.org,(650) 758-7722,"San Rafael",CA,94903,
"San Gabriel Valley Humane Society",frontoffice@sgvhumane.org,626-286-1159,"San Gabriel",CA,91776,
"Santa Barbara County Animal Services",santamariashelterpets2@gmail.com,(805) 934-6119,"Santa Maria",CA,93455,
"Santa Barbara County Animal Services--Santa Barbara Shelter",sbadoption@sbcphd.org,805-681-5285,"Santa Barbara",CA,93111,
"Santa Clara County Animal Care & Control",scc.animalshelter@aem.sccgov.org,408-686-3900,"San Martin",CA,95046,
"Santa Cruz County Animal Shelter",asa143@co.santa-cruz.ca.us,(831) 454-7200,"Santa Cruz",CA,95062,
"Santa Cruz SPCA",mandi@spcasc.org,(831) 465-5000,"Santa Cruz",CA,95063,
"Santa Maria Valley Humane Society",sscott@smvhs.org,(805) 349-3435,"Santa Maria",CA,93458,
"Santa Ynez Valley Humane Society",info@syvhumane.org,805-688-8224,"Buellton",CA,93427,
"Sante D'Or Foundation",info.santedor@gmail.com,(323) 898-8889,"Los Angeles",CA,90039,
"Save a Dog Today (Matchmaker and Re-homing service)",saveadogca@gmail.com,(530) 356-2204,"Redding",CA,96003,
"Save a Small Dog Rescue, Inc.",saveasmalldogrescue@gmail.com,760-269-4519,"Phelan",CA,92329,
"Save A Spot Dalmatian Rescue",ddulaney2@gmail.com,(209) 606-3045,"Turlock",CA,95380,
"Save SomeBunny Rabbit Rescue, Inc.",staff@savesomebunny.org,(949) 554-9007,"Irvine",CA,92620,
"Save Tehachapi's Orphaned Pets (STOP)",contact@stoprescue.org,(661) 823-4100,"Tehachapi",CA,93561,
"Save the Dalmatians and Others Canine Rescue",rescue@savethedals.org,Adoption App http://savethedals.org/form_adopt.htm,"Gardena",CA,90247,
"SaveABunny",info@saveabunny.org,(415) 388-2790,"San Francisco",CA,94941,
"Saving Grace Rescue Inc",totemra@gmail.com,415-407-8021,"San Francisco",CA,94112,
"Saving K9 Lives Plus, Inc",adoptions@savingk9livesplus.org,,"Encino",CA,91316,
"Saving Shibas Inc.",saveshibas@gmail.com,,"Los Alamitos",CA,90720,
"Saving Slim Foundation",jenn@savingslim.org,619-723-0142,"Escondido",CA,92025,
"Schwartz Family Animal Welfare Foundation",schwartzfamilyfo@aol.com,408-379-5554,"San Jose",CA,95128,
"Scooter's Pals Nevada County, Ca",susanw1068@gmail.com,(530) 350-2099,"Grass Valley",CA,95945,
"Scratch My Belly",info@scratchmybelly.org,858-344-2423,"Rancho Santa Fe",CA,92067,
"SCT Retrievers",sctretrievers@gmail.com,,"Torrance",CA,90504,
"Seal Beach Animal Care Center",contact@sbacc.org,(562) 430-4993,"Seal Beach",CA,90740,
"Second Chance at Love Humane Society",ilovedogs@tcsn.net,805-434-3982,"Templeton",CA,93465,
"Second Chance Bunnies, Inc",secondchancebunnies@yahoo.com,530-269-7764,"Auburn",CA,95603,
"Second Chance Cocker Rescue",elizabeth.mazzetti@gmail.com,805-687-4674,"Santa Barbara",CA,93105,
"Second Chance Dog Rescue",info@secondchancedogrescue.org,619-721-3647,"San Diego",CA,92102,
"Second Chance Kitty",2chancekittys@gmail.com,,"Stockton",CA,95212,
"Second Chance Pet Adoptions",info@secondchancepetadoptions.org,714-487-1518,"Huntington Beach",CA,92646,
"Second Chance Pet Rescue",adoptions4scpr@gmail.com,(530) 824-1985,"Corning",CA,96021,
"Sequoia Humane Society",shelter@sequoiahumane.org,(707)442-1782,"Eureka",CA,95503,
"SF Animal Care & Control",acc@sfgov.org,(415) 554-6364,"San Francisco",CA,94103,
"Shadow's Fund",info@shadowsfund.org,(805) 735-3165,"Lompoc",CA,93436,
"Shafter City Animal Control",animalcontrol@shafter.com,661-746-2140,"Shafter",CA,93263,
"Shake Wiggle N' Roll Animal Rescue",loviins@aol.com,(925) 284-8508,"Lafayette",CA,94549,
"Shamrock Rescue Foundation",shamrockrf@gmail.com,,"Santa Ana",CA,92705,
"Shellden Shelter for Cats & Dogs",shelleydunnigan@gmail.com,916-207-4807,"Herald",CA,95638,
"Shelter Hope Pet Shop Sacramento",shpssac@yahoo.com,(916) 303-0334,"El Dorado Hills",CA,95762,
"Shelter Pet Partners",shelterpetpartners@gmail.com,(619) 866-6035,"El Cajon",CA,92021,
"Short N Sweet Dog Rescue",debby@shortnsweetdogrescue.org,,"Templeton",CA,93465,
"Siberian Husky Haven of L.A.",huskyhavenofla@hotmail.com,661.266 9779 kennel 661 675 9065 cell,"Valencia",CA,91355,
"Sierra Pacific Furbabies, Inc.",david@sierrapacificfurbabies.com,951-830-1825,"Mira Loma",CA,91752,
"Sierra Pacific Great Pyrenees Club Rescue",petpyrs@surewest.net,916-791-7580,"Granite Bay",CA,95746,
"Silicon Valley Animal Control Authority",staff@svaca.com,408-764-0344,"Santa Clara",CA,95054,
"Silicon Valley Pet Project",adoptions@svpetproject.org,(408) 641-8745,"San Jose",CA,95150,
"Silky Terrier Rescue Charitable Trust",silkyrescueapps@gmail.com,,"Los Angeles",CA,90293,
"Siskiyou Humane Society Inc.",sheltermanager@siskiyouhumane.org,530-926-4052,"Mt. Shasta",CA,96067,
"Sister Sister Rescue",sistersisterrescue@yahoo.com,323-533-1381,"Los Angeles",CA,90013,
"Sisters Animal Sanctuary",sistersanimalsanctuary@frontiernet.net,(916) 684-3313,"Elk Grove",CA,95757,
"Smashface Rescue/Rehab",smashfacerescue911@yahoo.com,,"Van Nuys",CA,91405,
"Smooch Pooch Dog Rescue",smoochrescue@yahoo.com,,"Rolling Hills Estates",CA,90274,
"SNAP Cats",info@snapcats.org,7078366000,"Santa Rosa",CA,95404,
"SNIPPP",snippp@frontiernet.net,(530) 336-6006,"McArthur",CA,96056,
"Soft Paws Rescue and Rehab",softpawsrescue@gmail.com,(707) 349-3026,"Windsor",CA,95492,
"Solano County Animal Rescue Foundation",tm2004@comcast.net,(707) 864-2630,"Fairfield",CA,94534,
"Solano County Friends of Animals",scfoahelpme@gmail.com,,"Benicia",CA,94510,
"Solano County S.P.C.A.",solanospca@gmail.com,707-448-7722,"Vacaville",CA,95696,
"Somebunny Luvs Me",riversidebunnylady@gmail.com,951-888-0829,"Riverside",CA,92509,
"Sonora Cat Rescue",jro@woodside-road.net,209-591-8086,"Sonora",CA,95370,
"SoulPlayMates",connect@soulplaymates.org,(858) 859-1364,"Vista",CA,92083,
"Sounds of Silent Spirits",komodo@sisp.net,(760) 248-6427,"Lucerne Valley",CA,92356,
"South Bay Cats",tharrington@cox.net,310 548-8563,"San Pedro",CA,90734,
"South Bay Dog Rescue",southbaydogrescue@gmail.com,(619) 748-1893,"San Ysidro",CA,92173,
"South Bay Purebred Rescue",adoptarescuedog@aol.com,408-629-8293,"San Jose",CA,95158,
"South Bay Rabbit Rescue",southbayrabbitrescue@gmail.com,(408) 422-2433,"Morgan Hill",CA,95038,
"South County Tail Waggers",sctailwaggers@gmail.com,8554606127,"Gilroy",CA,95020,
"South PAWS Pet Rescue, Inc.",southpawsgalt@gmail.com,,"Elk Grove",CA,95758,
"Southern California Abyssinian Rescue (SCAR)",marla@socaabyrescue.com,310 948 2070,"Whittier",CA,90608,
"Southern California Animal Rescue",socalanimalrescue@gmail.com,,"Costa Mesa",CA,92626,
"Southern California Bulldog Rescue",gvande6576@aol.com,1-714-612-0265,"Santa Ana",CA,92706,
"Southern California Cat Adoption Tails",catadoptiontails@aol.com,(818)943-1601,"Sylmar",CA,91392,
"Southern California Dachshund Relief, Inc.",linla@comcast.net,,"San Jose",CA,95118,
"Southern California Dachshund Rescue",dena@scdr.org,(562) 694-6868,"La Habra",CA,90631,
"Southern California German Shepherd Rescue",marcy@socalrescue.org,619-228-3570,"San Diego",CA,92115,
"Southern California Keeshond Rescue Inc.[SCKR]",adopt@foreverkees.org,(805) 527-4096,"San Pedro",CA,90731,
"Southern California Pomeranian Rescue",socalpomrescue@coapc.com,www.southerncaliforniapomeranianrescue.org,"Irvine",CA,92604,
"Southern California Shiba Inu Rescue Inc",shibainurescue@live.com,,"Encino",CA,91416,
"Southern California Siamese Rescue",karensoca@siameserescue.org,818-830-3380,"Agoura Hills",CA,91301,
"Southern Counties Rescue Inc.",phyllis891@att.net,(323) 394-0954,"Mission Viejo",CA,92692,
"Southern Star Animal Rescue",southernstaranimalrescue@yahoo.com,951-642-2042,"Winchester",CA,92596,
"Southland Collie Rescue",info.collie@gmail.com,310-366-5573,"Riverside",CA,92508,
"SPARC - Santa Paula Animal Rescue Center",info@santapaulaarc.org,805-525-8609,"Santa Paula",CA,93060,
"Sparky and the Gang",sparkyandthegang@yahoo.com,,"Long Beach",CA,90804,
"SPCA of Mariposa County",mariposaspca@sti.net,209-966-5275,"Mariposa",CA,95345,
"Special Pets Rescue",mushutoast@yahoo.com,707-350-7008,"Santa Rosa",CA,95402,
"SPOT Saving Pets One at a Time",info@spotsavespets.org,760-593-7768,"San Luis Rey",CA,92068,
"Spunky's Rescue Ranch",mdrickards@aol.com,(916) 704-6057,"Malibu",CA,90265,
"St. Anthonys Canine Rescue & Corgi Matchmaker",corgially@att.net,,"Lomita",CA,90717,
"St. Francis Animal Protection Society",info@stfrancisanimal.org,,"Campbell",CA,95009,
"Stanislaus Animal Services Agency",champostmaster@stancounty.com,209 558 7387,"Modesto",CA,95354,
"STAR - Support Team Animal Rescue",info@staranimalrescue.org,408-876-6221,"San Jose",CA,95123,
"Star Paws Rescue",starpawsrescue@gmail.com,424-229-1614,"Marina Del Rey",CA,90291,
"Starlight Stepping Stones",bondosue@aol.com,951-403-3473,"Norco",CA,92863,
"START",liz@startrescue.org,626 331 5432,"Studio City",CA,91604,
"Stockton Animal Shelter and the Animal Protection League",animalservices@stocktonca.gov,209-937-7445,"Stockton",CA,95206,
"Stonecliffe Animal Rescue",stonecliffeadoption@gmail.com,,"Lemoore",CA,93245,
"Stray Cat Alliance",adoptions@straycatalliance.org,(310) 281-6973,"Los Angeles",CA,90016,
"Summer Rescue",summerrescue1@gmail.com,(562) 346-6290,"Long Beach",CA,90813,
"Sunny Saints, Saint Bernard Dog Rescue",info@sunnysaints.org,858.222.4101,"Bellflower",CA,90707,
"Sunshine Haven Wildlife Rescue",verville@hotmail.com,951-588-8811,"Riverside",CA,92503,
"Surfcat Cafe & Adoptions",leslie@surfcatcafe.org,(805) 500-7125,"Oxnard",CA,93035,
"Sutter Buttes Canine Rescue",sbk9rescue@earthlink.net,(530) 695-3814,"Gridley",CA,95948,
"Sweet Home Rescue",sweethomerescue@gmail.com,Please email us!,"Irvine",CA,92606,
"Sweet Pawz & Meows Rescue",sweetpawzandmeowsrescue@gmail.com,,"Pasadena",CA,91101,
"Tail Waggin All Breed Rescue",guinnsbunnies@aol.com,(209) 505-0589,"Gustine",CA,95322,
"Tailchaser Rescue",adopt@tcrescue.com,,"San Jose",CA,95124,
"Tails and Scales Animal Rescue",adoption@tailsandscales.org,,"Santa Clarita",CA,91350,
"Tails of Gray",info@tailsofgray.org,,"Clayton",CA,94517,
"Tails of Hope Staffie Haven",info@staffiehaven.org,(661) 902-1710,"Lancaster",CA,93539,
"Tails of the City Animal Rescue",tailsofthecityrescue@gmail.com,,"Los Angeles",CA,90069,
"Take Me Home",tmhrescue@gmail.com,310-967-4637,"Santa Monica",CA,90405,
"Tehama County Department of Animal Services",tehama_pets@hotmail.com,(530) 527-3439,"Red Bluff",CA,96080,
"The Animal Pad",bk.theanimalpad@gmail.com,,"San Diego",CA,92103,
"The Animal Protectorates (TAPS)",laurie.newton@tapsusa.org,(818) 934-4268,"Burbank",CA,91507,
"The Ark of San Juan, Companion Animal Rescue",info@arkofsanjuan.org,(949) 388-0034,"San Juan Capistrano",CA,92675,
"The Barking Lot Rescue",info@thebarkinglot.net,619-354-4825,"San Diego",CA,92117,
"The Brittany Foundation",brittany_dogs@yahoo.com,661-713-5240,"Acton",CA,93510,
"The Cat Adoption Service",thecatadoptionservice@yahoo.com,(714) 262-1234,"Buena Park",CA,90620,
"The Cat Cause Foundation",info@catcause.com,,"Huntington Beach",CA,92646,
"The Cat Cove",catcoverescue@gmail.com,,"Los Alamitos",CA,90720,
"The Cat House on the Kings",petfinder@cathouseonthekings.com,559-638-8696,"Parlier",CA,93648,
"The Cat People",courtneyc@thecatpeople.org,,"Bakersfield",CA,93308,
"The Cat Posse",sebastian_sophie@yahoo.com,(626) 676-7648,"Pasadena",CA,91116,
"The Cat's Meow Animal Rescue",info@thecatsmeowanimalrescue.org,,"Los Angeles",CA,90046,
"The Catherine Fund",carlas_cats@yahoo.com,818-425-5786,"Burbank",CA,91510,
"The Catnip Society",info@catnipsociety.org,(209) 742-1023,"Mariposa",CA,95338,
"The Dawg Squad",dawgsquad@rocketmail.com,,"Los Angeles",CA,90064,
"The Dexter Foundation",contactus@dexterfoundation.com,(310) 531-8944,"Redondo Beach",CA,90277,
"The Dog Rescuers",thedogrescuers@gmail.com,,"Pasadena",CA,91104,
"The Dog Spot Rescue, Rehabilitation & Rehoming Center",thedogspotrescue@aol.com,,"Vacaville",CA,95688,
"The Fauna Foundation",kimcap@verizon.net,,"Malibu",CA,90265,
"The Forgotten Dog Foundation",linzi@theforgottendog.org,310-990-2020,"Santa Monica",CA,90403,
"The Fuzzy Pet Foundation",info@tfpf.org,213-545-1530,"Santa Monica",CA,90404,
"The Jindo Project",afujikawa@gmail.com,888-343-4364,"Camarillo",CA,93011,
"The Lily Sanctuary",adoptions@thelilysanctuary.org,714-442-9474,"Fountain Valley",CA,92728,
"The Little Lion Foundation",thelittlelionfoundation@gmail.com,(562) 212-4411,"Long Beach",CA,90805,
"The Little Red Dog",info@thelittlereddog.com,949-427-0925,"Lake Forest",CA,92630,
"The Milo Foundation",mpr@milofoundation.org,(510) 900-2275,"Point Richmond",CA,94801,
"The Musical Truckin Death Row Dogs Adoption Program . . . Angels Saving Animals",info@musicaltruckindogs.com,(909) 208-6889,"Corona",CA,92881,
"The Mutt Scouts",themuttscouts@gmail.com,,"Los Angeles",CA,90026,
"The Peaceful Kingdom Alliance 4 Animals",anniemals@thepeacefulkingdom.com,(661) 331-3273,"Bakersfield",CA,93380,
"The Pepper Foundation",pepperfoundation@aol.com,,"Studio City",CA,91604,
"The Perfect Dog",theperfectdogrescue@gmail.com,510-333-4420,"Fremont",CA,94538,
"The Pet Adoption Center of Orange County",info@adoptocpets.org,(949) 858-1000,"Rancho Santa Margarita",CA,92688,
"The Pet Food Bank",woof@thepetfoodbank.com,714-379-1456,"Seal Beach",CA,90740,
"The Pet Rescue Center",adopt@thepetrescuecenter.org,877-277-7938,"Mission Viejo",CA,92691,
"The Pet Rescue Center Inc.",petrescuecenter@gmail.com,760 398-7722,"Coachella",CA,92201,
"The Power of Chi",info@powerofchi.org,,"Oakland",CA,94602,
"The Rabbit Haven",ava_haven@comcast.net,831 600-7479,"Scotts Valley",CA,95067,
"The Real Bark",therealbark@gmail.com,,"Los Angeles",CA,90026,
"The Rescue Team, Inc.",info@rescueteamla.org,(310) 291-0426,"Sherman Oaks",CA,91403,
"The Rescue Train",info@therescuetrain.org,,"Toluca Lake",CA,91602,
"The Rescued Dog",info@therescueddog.org,(619) 356-3390,"San Diego",CA,92106,
"The Robert T. Brentnall Pawsibilities Foundation",thertbpawsibilitiesfoundation@gmail.com,,"Santa Clarita",CA,91321,
"The Sam Simon Foundation",info@samsimonfoundation.org,(310) 457-5898,"Malibu",CA,90265,
"The SPCA for Monterey County",info@spcamc.org,831-373-2631,"Monterey",CA,93940,
"The Veterinary Care Center",stephanie@veterinarycarecenter.com,(323) 919-6666,"Los Angeles",CA,90038,
"The Zuri Pet Rescue",adoptions@thezuripetrescue.com,949-429-7223,"San Juan Capistrano",CA,92675,
"Throw Me A Bone Dog Rescue",throwmeabonerescue@gmail.com,(925) 308-6221,"Brentwood",CA,94513,
"Thulani Senior German Shepherd Rescue",info@thulaniseniorgsr.org,,"San Juan Bautista",CA,95045,
"Tiramisu Dog Rescue",tiramisudogrescue@gmail.com,,"Davis",CA,95618,
"TLC  (Tiny Loving Canines)",tlctinylovingcanines@aol.com,805-813-1589,"Simi Valley",CA,93065,
"TLC with PUPS",beaglesrbest@yahoo.com,951-742-8689,"Colton",CA,92324,
"TnT Small Animal Rescue",tina@tntrescue.org,(650)642-4006,"South San Francisco",CA,94083,
"TOPCats on the Ridge Inc.",bukido@comcast.net,530-872-8112,"Paradise",CA,95967,
"Town Cats",adoptions@towncats.org,(408) 779-5761,"Morgan Hill",CA,95038,
"Toy Breed Rescue",toydogrsq@aol.com,(408) 379-5554,"San Jose",CA,95128,
"Toy Fox Terrier Rescue, Inc.",tftrescue@yahoo.com,603-494-5447,"Tulare",CA,93274,
"Treasured Tails Canine Rescue",treasuredtailsrescue@hotmail.com,951 852-7999,"Temecula",CA,92592,
"Tri-City Animal Shelter",animalservices@fremont.gov,(510) 790-6640,"Fremont",CA,94538,
"Tri-Valley Animal Rescue",webmaster@tvar.org,,"Pleasanton",CA,94588,
"Tulare Animal Services",tulareanimalservice@ci.tulare.ca.us,559 685-5047,"Tulare",CA,93274,
"Tulare County Animal Services",tcanimalshelter@tularehhsa.org,559-636-4050,"Visalia",CA,93292,
"Tuolumne County Animal Shelter",mrsgonzalves@yahoo.com,209-694-2730,"Jamestown",CA,95327,
"Two Hands Four Paws Foundation",sarah@twohandsfourpaws.com,(310) 475-8555,"Los Angeles",CA,90064,
"Umbrella of Hope",beourpet@gmail.com,,"Pittsburg",CA,94565,
"Underdog Animal Rescue",adopt@underdogca.com,,"Lafayette",CA,94549,
"Underdog Rescue",underdogrescueca@gmail.com,(908) 907-2376,"Lake Forest",CA,92630,
"Unidos para los Animales",upaadoption@gmail.com,,"Kensington",CA,94707,
"United Hope for Animals",meena@hope4animals.org,706-504-1810,"Pasadena",CA,91102,
"Used Pets",usedpets@sbcglobal.net,(310) 344-3869,"Century City",CA,90067,
"Valley Animal Center",info@valleyanimal.org,(559) 233-8690,"Fresno",CA,93728,
"Valley Animal Haven",valleyanimalhaven@gmail.com,559-997-3601,"Lemoore",CA,93245,
"Valley Cats, Inc.",valleycatsinc@aol.com,(818) 883-5252,"West Hills",CA,91307,
"Valley Oak SPCA",lydia.house@vospca.org,(559) 651-1111,"Visalia",CA,93277,
"Valley SPCA",valleyspcastockton@gmail.com,209-430-3004,"Stockton",CA,95208,
"Ventura County Animal Services",vcar.rescue@ventura.org,805.388.4341,"Camarillo",CA,93010,
"Victor Valley Animal Protective League",victorvalleyapl@yahoo.com,(760) 247-2102,"Apple Valley",CA,92307,
"Villalobos Rescue Center",adoption@vrcpitbull.com,504-948-4505,"Santa Clarita",CA,91390,
"Voice For The Animals",adoption@vftafoundation.org,(310) 392-5153,"Santa Monica",CA,90405,
"Voices Out",shani@voicesout.org,(818) 231-6605,"Encino",CA,91436,
"Wagging Dog Rescue",adoptions@waggingdog.org,310-853-0757,"Carlsbad",CA,92013,
"WAGS ~ Westminster Adoption Group and Services",cortney@wagspetadoption.org,(714) 887-6156,"Westminster",CA,92683,
"Wags and Walks",info@wagsandwalks.org,Please email,"Los Angeles",CA,90025,
"Wags and Whiskers Pet Rescue",stacy@wwprca.com,(530) 895-8888,"Chico",CA,95973,
"Walk Me Home Rescue Group",walkmehomerescue@gmail.com,(626) 379-0420,"Monrovia",CA,91017,
"Wasco Animal Shelter",spottedfurkids@gmail.com,(661) 758 7240,"Wasco",CA,93280,
"Wee Companions Small Animal Adoption Inc",weecompanions@aol.com,619 934 6007,"Imperial Beach",CA,91932,
"Welcome Home Dog Rescue",info@welcomehomedogrescue.org,,"La Mirada",CA,90638,
"Welcome Home Small Animal Sanctuary",sandstar@wildblue.net,,"Lucerne Valley",CA,92356,
"West Coast Boxer Rescue",pf@westcoastboxerrescue.org,510-255-1825,"Alameda",CA,94501,
"West End Shelter for Animals",westendshelter@netzero.net,909-947-3517,"Ontario",CA,91761,
"Westie Rescue Northern California",bgmordy@comcast.net,408 242-0990,"Santa Clara",CA,95050,
"Westside Animals for Adoption",westsideanimalsforadoption@gmail.com,209 892 3114,"Patterson",CA,95363,
"Whis-Purr Rescue, Inc.",info@whis-purr.org,877-307-2747 (msg),"Redwood City",CA,94062,
"Whiskers & Tails Foundation",amano@whiskerstails.org,(310) 755-5796,"Rancho Palos Verdes",CA,90275,
"Whiskers, Tails and Ferals",wtfnapa@gmail.com,(707) 258-2287,"Napa",CA,94558,
"Wine Country Animal Lovers, Inc.",info@winecountryanimallovers.org,707-800-5058,"Calistoga",CA,94515,
"WKODIT",wkodit@comcast.net,(650) 747-9650,"La Honda",CA,94020,
"Wonder Cat Rescue",wondercatrescue@gmail.com,,"San Francisco",CA,94110,
"Wonder Dog Rescue",wonderdogrescue@gmail.com,415.621.DOGS,"San Francisco",CA,94110,
"Woods Humane Society",adoptions@woodshumanesociety.org,(805) 543-9316,"San Luis Obispo",CA,93405,
"Woods Humane Society North County",infonorth@woodshumanesociety.org,(805) 466-5403,"Atascadero",CA,93422,
"Woof Animal Rescue",contact.us@lovewoof.org,(510) 985-9924,"Fremont",CA,94536,
"Woofie's Rescue",woofiesrescue@gmail.com,,"San Jose",CA,95128,
"www.thedogshack.org",pets.katrina@gmail.com,415 457 4544,"forest knolls",CA,94933,
"Yolo County Animal Services",ycasrescue@gmail.com,530-668-5287,"Woodland",CA,95776,
"Yolo County SPCA",adopt@yolospca.org,,"Davis",CA,95617,
"Yorkie Rescue of America",tiffini@yorkierescueofamerica.org,,"Los Angeles",CA,90035,
"Yorkies & Friends Rescue",1yorkiesrescue@gmail.com,,"Orange",CA,92867,
"Yorkshire Terrier National Rescue",ytnr@ytnr.com,,"Oakley",CA,94561,
"Yucca Valley Animal Shelter",animalshelter@yucca-valley.org,760 365-3111,"Yucca Valley",CA,92284,
"Zazzy Cats Kitty Rescue",roni@zazzycats.org,,"Long Beach",CA,90809,
"Ziggy and Friends Cat Rescue",ziggysfriends@gmail.com,(714) 353-8441,"Los Angeles",CA,90066,
"Zoe's Friends Animal Rescue",cindy@zoesrescue.org,805-907-0655,"Thousand Oaks",CA,91362,