Name,Email,Phone,City,State,Zip,Website
"2 Many Dogs Rescue",2manydogstx@gmail.com,,"Wallis",TX,77485,
"365 Pet Connection",365petconnection@gmail.com,,"Lakeway",TX,78734,
"3L Animal Rescue",3lanimalrescue@gmail.com,,"Magnolia",TX,77355,
"4 Paws Farm, Inc",nancy@4pawsfarm.org,(979) 399-4198,"Hempstead",TX,77445,
"4DogSakes",4dogsakesrescue@gmail.com,210-629-0177,"San Antonio",TX,78209,
"4PAWS",petfinder@4pawsinc.org,email for more info,"Benbrook",TX,76126,
"4Paws2Love",info@4paws2love.org,(972)480-3590,"Plano",TX,75025,
"A Chance to Bloom",chancetobloom@gmail.com,(936) 333-1416,"Conroe",TX,77301,
"A Different Breed Animal Rescue",adbadoptions@yahoo.com,(972) 896-6313,"Dallas",TX,75360,
"A Doggie 4 You",adoggie4you@yahoo.com,210-385-0465,"Pipe Creek",TX,78063,
"A Life to Live",adopt@adopttosave.org,,"Baytown",TX,77521,
"A Pets Wish Rescue",apetswishrescue@yahoo.com,830-313-8799,"Del Rio",TX,78842,
"A Rottie Rescue, Inc.",info@arottierescue.com,2146019255,"Irving",TX,75014,
"Abandoned 2 Home Cat Rescue",lkrice@yahoo.com,(903) 543-1178,"Simms",TX,75574,
"Abandoned Animal Rescue",info@aartexas.org,(281) 789-4142,"Magnolia",TX,77355,
"Acres of Love Animal Rescue",bcacresoflove@gmail.com,(830) 392-6493,"Blanco",TX,78606,
"ADAPT- A Doberman Adoption Placement Team",l4912@aol.com,(281) 361-8797,"Kingwood",TX,77345,
"Adopt a Happy Tail",happytailsofgbc@yahoo.com,903-275-5990,"Mabank",TX,75147,
"Adopt a Husky of Dallas Inc.",huskiesandmutts@gmail.com,,"Plano",TX,75056,
"Adopt A Rescued Friend",info@aarfhouston.org,832-539-4004,"Houston",TX,77205,
"Adopt Aggieland",info@adoptaggieland.org,,"Bryan",TX,77802,
"Adopt-A-Pet",adoptapetvictoria@gmail.com,(361) 575-7387,"Victoria",TX,77901,
"ADORE Houston",info@adorehouston.org,,"Houston",TX,77007,
"Against All Odds- All Breed Rescue",againstalloddsrescue@gmail.com,972-612-8937,"Plano",TX,75075,
"Aggieland Humane Society",info@aggielandhumane.org,979-775-5755,"Bryan",TX,77801,
"Al's Hyde Park Rescue",hydeparkrescue@gmail.com,(210) 218-9289,"San Antonio",TX,78209,
"All American Dogs",adoptionsmoh@gmail.com,972-382-3647,"Pilot Point",TX,76258,
"All Border Collie Rescue",allbordercollierescue@gmail.com,please  e-mail,"The Woodlands",TX,77382,
"All Canine Haven Rescue",achrescue@gmail.com,214-242-3212,"Grand Prairie",TX,75050,
"All God's Creatures",allgodscreaturesbmt@wildblue.net,(409)753-1365,"Beaumont",TX,77713,
"All Good Dogs Education",allgooddogscea@gmail.com,,"Longview",TX,75605,
"All Texas Dachshund Rescue",info@atdr.org,,"Pearland",TX,77584,
"AlleyCat Angels of Texas",alleycatangels.texas@yahoo.com,(817) 429-2592,"Fort Worth",TX,76103,
"Allie's Haven Animal Rescue",aharinquiry@gmail.com,817-752-4101,"Fort Worth",TX,76108,
"Almost Home Animal Rescue",almosthomeanimals@yahoo.com,3092995665,"Burleson",TX,76028,
"Almost Home Pet Rescue",rescueforlife@hotmail.com,,"Katy",TX,77494,
"Alpine Humane Society",admin@alpinehumanesociety.org,,"Alpine",TX,79830,
"Amarillo Animal Management and Welfare",mypet@amarillo.gov,806-378-9032,"Amarillo",TX,79118,
"Amarillo SPCA",amarillospca@amaonline.com,(806)622-0555,"Amarillo",TX,79101,
"Amazing Grace Pet Rescue",amazinggracepetrescue@yahoo.com,,"Rosharon",TX,77583,
"American Boston Terrier Rescue",savingbostons@americanbostonterrierrescue.org,(972) 407-4440,"Gainesville",TX,76240,
"American Brittany Rescue-TX",abr.tx@americanbrittanyrescue.org,(866) 274-8911,"Fulshear",TX,77441,
"Angels Four Paws",wingsforpaws@gmail.com,832-659-2576,"Humble",TX,77396,
"Angie's Friends",astruse@yahoo.com,(678) 665-8571,"Dallas",TX,75218,
"Animal Adoption Center of Flower Mound",animalservices@flower-mound.com,972-874-6390,"Flower Mound",TX,75028,
"Animal Advocates of North Texas",animaladvocatesofnorthtexas@ymail.com,,"Keller",TX,76244,
"Animal Care Services Division City of San Antonio",acsadoptions@sanantonio.gov,210-207-6666,"San Antonio",TX,78227,
"Animal Defense League of Texas",info@adltexas.org,210-655-1481,"San Antonio",TX,78217,
"Animal Friends of Austin County",joanne.klauber@gmail.com,(979) 865-2525,"Bellville",TX,77418,
"Animal Hope",info@animalhope.org,817-984-1129,"Fort Worth",TX,76133,
"Animal Justice League",info@animaljusticeleague.org,,"Houston",TX,77292,
"Animal Outreach Association",animaloutreach@aol.com,,"Midland",TX,79706,
"Animal Refuge Foundation",martha@arfhouse.org,903-564-7056,"Sherman",TX,75092,
"Animal Rescue Foundation of Texas",info@arftx.com,(972) 318-9650,"Flower Mound",TX,75022,
"Animal Rescue Kingdom (A.R.K)",animalrescuekingdom@gmail.com,(832) 267-5777,"Sugar Land",TX,77498,
"Animal Rescue League of El Paso",info@arlep.org,(915)877-5002,"El Paso",TX,79821,
"Animal Rescue of Crosby County",arcc.rescue@gmail.com,,"Crosbyton",TX,79322,
"Animal Rescue of Texas (ART)",artadoptions@animalrescueoftexas.org,(214) 276-7802,"Dallas",TX,75205,
"Animal Shelter Volunteers of Texas",asvtexas@gmail.com,,"Montgomery",TX,77316,
"Animal Welfare Society of Kerr Co/Freeman Fritts",freemanfritts@stx.rr.com,830-257-4144,"Kerrville",TX,78028,
"Animals First Rescue",doggirl1@earthlink.net,,"Austin",TX,78734,
"Annie's Angels Texas Rescue Group",losrhone@gmail.com,(832) 483-0997,"Stafford",TX,77477,
"AOHTs (All Our Hearts Together) Rainbow Bridge",thoaboballen@yahoo.com,903-815-5955 cell/text I-phone,"Bonham",TX,75491,
"APAC - Association for a Pet Adoption Center",myhappytail@yahoo.com,(254) 541-1461,"Temple",TX,76505,
"Apollo Support & Rescue",inquire@apollosupportandrescue.org,,"Justin",TX,76247,
"ARF Animal Rescue Foundation",arftexas@att.net,(830) 433-2458,"Seguin",TX,78155,
"ARKLATEX Cocker Spaniel Rescue",cockers4me@hotmail.com,,"Texarkana",TX,75501,
"Astasias Angels Animal Rescue",astasiasangelsar@gmail.com,469-766-6336,"Wylie",TX,75098,
"At Home Houston Border Collie Rescue",juliekagel@gmail.com,832-633-1591,"Houston",TX,77036,
"AURORAS Animal Adoptions",aurorasrescue@hotmail.com,,"Santa Fe",TX,77517,
"Aussie Rescue & Placement Helpline",aussie330@aol.com,,"North Richland Hills",TX,76180,
"Austin Animal Center",animal.customerservice@austintexas.gov,(512)-978-0500,"Austin",TX,78702,
"Austin Boxer Rescue",info@austinboxerrescue.com,(512) 968-1343,"Austin",TX,78752,
"Austin Cats and Dogs Rescue",austincatsanddogsrescue@gmail.com,(512) 669-2269,"Cedar Park",TX,78613,
"Austin Dog Rescue",adoptions@austindog.org,,"Manchaca",TX,78652,
"Austin Lost and Found Pets",austinlostandfoundpets@gmail.com,(512) 965-6744,"Austin",TX,78715,
"Austin Pets Alive!",adopt@austinpetsalive.org,,"Austin",TX,78704,
"Austin Sheltie Rescue Inc",swig@sbcglobal.net,(512) 453-8094,"Austin",TX,78731,
"Austin Siamese Rescue",loveasiamese2@yahoo.com,512-354-7875,"Austin",TX,78711,
"Averting CAT-astrophe, Inc",avertingcatastrophe@gmail.com,,"Mansfield",TX,76063,
"AY CHIHUAHUA RESCUE",info@aychihuahuarescue.org,512-763-0244,"Austin",TX,78717,
"Azle Animal Shelter",jflores@ci.azle.tx.us,(817)444-8215,"Azle",TX,76020,
"BACCR - Baytown Humane Society",baccr1@aol.com,(832) 414-3729,"Baytown",TX,77522,
"Ballinger Animal Control",animalcontrol@ballingerpd.org,(325) 365-3591,"Ballinger",TX,76821,
"Bandera County Animal Control",animalcontrol@banderacounty.org,858-361-4686,"Bandera",TX,78003,
"BARC, The Humane Society",achs75801@yahoo.com,903-729-8074,"Palestine",TX,75801,
"Bark Ark and Purr Rescue",baaprescue@gmail.com,(817) 980-9781,"Venus",TX,76084,
"Barking Mad Animal Rescue",barkingmadanimalrescue@gmail.com,(409) 457-6495,"Hemphill",TX,75948,
"Barrio Dogs of Houston",tauna@barriodogs.org,000-00-0000,"Houston",TX,77223,
"Basset Buddies Rescue of Texas",info@bbrtx.org,(281)-657-7347,"Houston",TX,77219,
"Basset Rescue Across Texas, Inc.",info@bassetrescueacrosstexas.org,,"Carrollton",TX,75011,
"Bastrop Animal Rescue",adopt@bastropanimalrescue.org,,"Bastrop",TX,78602,
"Bastrop C.A.T.S.",bastropcats@gmail.com,,"Cedar Creek",TX,78612,
"Bastrop County Animal Shelter",wendy.ballard@co.bastrop.tx.us,(512) 549-5160,"Bastrop",TX,78602,
"BAV-Braveheart Animal Volunteers",bavbraveheart@yahoo.com,,"Bonham",TX,75418,
"Bay Area Pet Adoptions/SPCA",info@bayareapetadoptions.org,281-339-2086,"San Leon",TX,77565,
"Bayou Animal Services",info@bayouanimalservices.org,281-337-3117,"Dickinson",TX,77539,
"Baytown Animal Services",carianne.livengood@baytown.org,(281) 422-7600,"Baytown",TX,77521,
"BCS Spay",bcsspayday@gmail.com,(979) 393-0043,"College Station",TX,77842,
"Beaumont Animal Services",animalservices@beaumonttexas.gov,409-838-3304,"Beaumont",TX,77703,
"Bedford Animal Control",tracy.robertson@bedfordtx.gov,(817) 952-2191,"Bedford",TX,76021,
"Best Friends FurEver",bffurever@yahoo.com,,"Humble",TX,77338,
"Bestfriends Animal Rescue Club  (BARC)",bestfriends1147@gmail.com,,"Duncanville",TX,75116,
"BFFs: Best Fur Friends Rescue",information@bestfurfriendsrescue.org,,"Benbrook",TX,76126,
"Blue Angel Weimaraner Rescue",blueangelweims@att.net,,"Burleson",TX,76028,
"Blue Sky Animal Rescue",bsarescue@prodigy.net,,"Smithville",TX,78957,
"Blue's Angels",adoptbluesangels@gmail.com,,"Houston",TX,77004,
"Bluebonnet Animal Rescue Network",barn@lonestarmail.net,(903) 231-3276,"Whitewright",TX,75491,
"Bluebonnet Equine Humane Society",info@bluebonnetequine.org,1-888-542-5163,"Rosharon",TX,77844,
"BNoble Farms and Rescue",ashlynallen_bnoblefarms@aol.com,(972)567-2224,"Argyle",TX,76226,
"Border Collie Rescue & Rehab of Texas",bc.rescue.rehab@gmail.com,972-533-9172,"Allen",TX,75002,
"Boston Terrier Rescue of Greater Houston, Inc.",bostonrescue@aol.com,,"The Woodlands",TX,77380,
"Boston Terrier Rescue of North Texas",btrescue@texasbostons.com,(844) 428-7776,"Plano",TX,75086,
"Boxer Rescue of Texarkana",boxerrescueoftexarkana@gmail.com,,"Texarkana",TX,75505,
"Brave Bully Rescue",info@bravebullyrescue.org,,"Houston",TX,77055,
"Braveheart Animal Rescue",adoptions@braveheartanimalrescue.org,(817) 721-3651,"Arlington",TX,76001,
"Brazoria County Sheriffs Office Livestock /Animal Control",bcsoaco@gmail.com,979-388-2365,"Angleton",TX,77515,
"Brenham Humane Services",aharper@cityofbrenham.org,(979) 337-7351,"Brenham",TX,77833,
"Bridgeport Animal Shelter",jjohnson@cityofbridgeport.net,940-683-3430,"Bridgeport",TX,76426,
"Brittany Rescue in Texas, Inc.",pattie@brittanyrescueintexas.org,(888) 552-7488,"Fort Worth",TX,76133,
"Bryan Animal Center",jburkhaltr@bryantx.gov,9792095260,"Bryan",TX,77801,
"Buddies Place Rescue",contactbpcr@gmail.com,,"Fort Worth",TX,76121,
"Bull luv able Paws and Chi Wawas Rescue",khristy_hullett@hotmail.com,,"Dallas",TX,75214,
"Bulverde Area Humane Society",bahshelter@yahoo.com,830-980-2247,"Bulverde",TX,78163,
"Bunny Buddies",info@bunnybuddies.org,,"Houston",TX,77248,
"C.A.R.E. Community Animal Rescue Effort",care.animalrescue@yahoo.com,(254) 631-6937,"Mingus",TX,76463,
"CAMO - Rescue",camorescuetx@gmail.com,,"Odessa",TX,79762,
"Camp Lone Star Rescue, Inc.",petfinder@camplonestarrescue.org,,"Edgewood",TX,75117,
"Cane Rosso Rescue",rescue@ilcanerosso.com,(972) 323-8367,"Dallas",TX,75207,
"Canine Compassion",caninecompassion@yahoo.com,,"Bryan",TX,77803,
"Canine Karma Rescue",caninekarmarescue@gmail.com,,"Whitewright",TX,75491,
"Canine Soulmates Rescue",dogs@caninesoulmates.com,,"Grapevine",TX,76099,
"Canyon Lake Animal Shelter Society",canyonlakeanimalshelter@gmail.com,830-899-2527,"Canyon Lake",TX,78133,
"Cape Kitty Rescue",capekittyrescue@yahoo.com,(713) 818-1645,"Coldspring",TX,77331,
"CARE Companion Animal Rescue Effort",sue3574@yahoo.com,,"Cedar Park",TX,78613,
"Cat Allies of Texas Rescue",catalliesoftexas@gmail.com,8302372002,"Fischer",TX,78623,
"Cat Matchers",catmatchers@yahoo.com,972-458-7877,"Plano",TX,75026,
"Catnip Casa Cat Refuge",penny@catnipcasa.org,(512) 387-8029,"Austin",TX,78708,
"Cats for Life Adoptions",mkhendricks1@comcast.net,713-453-8621,"Houston",TX,77015,
"Cats' Angels, Inc. (Cats Angels)",cats_angels@sbcglobal.net,(512) 459-6417,"Austin",TX,78759,
"Cattailz.org",ro@cattailz.org,,"Weatherford",TX,76087,
"Central Texas Dachshund Rescue",adopt@ctdr.org,,"Austin",TX,73301,
"Central Texas Rat Rescue",centraltexasratrescue@gmail.com,2487611722,"Pflugerville",TX,78660,
"Charlie's Angels Dog Rescue",charliboyd03@aol.com,,"Hempstead",TX,77445,
"Charlynes Pound Puppies",info@poundpups.org,(512) 832-4101,"Thorndale",TX,76577,
"Charming Pet Rescue",charmingpetrescue@gmail.com,,"Boerne",TX,78006,
"Cherished Pets Animal Rescue (CPAR)",cherishedpetsrescue@gmail.com,(432) 258-3581,"Odessa",TX,79764,
"Chewy's Hope",chewyshope@yahoo.com,(817) 307-0373,"Boyd",TX,76023,
"Chihuahua Rescue & Transport, Inc",dfwcoordinator@chihuahua-rescue.com,,"Plano",TX,75023,
"ChinChildren Chinchilla Rescue",tgracemitchell@att.net,972-617-8864,"Red Oak",TX,75154,
"Chip N Snip",info@chipnsnip.org,,"Baytown",TX,77521,
"Chloe's Pet Rescue",chloespetrescue@gmail.com,2147639468,"Blue Ridge",TX,75424,
"Cinderella Pet Rescue, Inc.",contact@cinderella-pet-rescue.org,(956) 391-4399,"Mission",TX,78574,
"City of Allen Animal Shelter",animalshelter@cityofallen.org,214-509-4378,"Allen",TX,75002,
"City of Alvin Animal Adoption Center c/o Alvin Police Department",amiller@cityofalvin.com,281-388-4331,"Alvin",TX,77511,
"City Of Clyde Animal Shelter",maria.renate@yahoo.com,1-325-893-2963,"Clyde",TX,79510,
"City of Coppell Animal Services & Adoption Cent",animalservices@coppelltx.gov,(972) 304-3515,"Coppell",TX,75019,
"City of Corsicana Animal Shelter",kasta@ci.corsicana.tx.us,(903) 654-4928,"Corsicana",TX,75110,
"City Of Crowley Animal shelter",smansfield@ci.crowley.tx.us,817-297-2201 ext. 3300,"Crowley",TX,76036,
"City of Daingerfield",dftxshelter@yahoo.com,903/645-2120,"Daingerfield",TX,75638,
"City of Denton Animal Services",police.animalservices@cityofdenton.com,(940) 349-7594,"Denton",TX,76205,
"City of Edna Animal Shelter",animalcontrol@cityofedna.com,(361) 782-5271,"Edna",TX,77957,
"City of El Campo Animal Control",mjurasek@cityofelcampo.org,979-541-5097,"El Campo",TX,77437,
"City of Everman Animal Shelter",evermanaco3961@gmail.com,(817) 561-5495,"Everman",TX,76140,
"City of Fredericksburg Animal Shelter",ygerhardt@fbgtx.org,830 997-1907,"Fredericksburg",TX,78624,
"City of Friendswood Animal Control",rstenstrom@ci.friendswood.tx.us,281-996-3390,"Friendswood",TX,77546,
"City of Highland Village Animal Shelter",pets@highlandvillage.org,(469) 444-0915,"Highland Village",TX,75077,
"City of Houston, BARC Animal Shelter & Adoptions",barcadoptions@houstontx.gov,713-229-7331,"Houston",TX,77026,
"City of Hurst Animal Services",afrandsen@hursttx.gov,817-788-7216,"Hurst",TX,76054,
"City of Lancaster Animal Shelter",kcorrao@lancaster-tx.com,972-218-1210,"Lancaster",TX,75146,
"City of Lewisville Animal Shelter",colanservices@yahoo.com,972-219-3478,"Lewisville",TX,75029,
"City Of Lytle Animal Control",bettykroeger@sbcglobal.net,(830) 709-3832,"Lytle",TX,78052,
"City of Midlothian Animal Shelter",debbie.lubke@midlothian.tx.us,972-775-7614,"Midlothian",TX,76065,
"City of Missouri City Animal Shelter",mocityanimalsheltervolunteers@gmail.com,(281) 403-8707,"Missouri City",TX,77489,
"City of Nassau Bay Animal Control",troy.bradfield@nassaubay.com,(832) 574-0877,"Nassau Bay",TX,77058,
"City of Pearland Animal Control",pearlandpets@ci.pearland.tx.us,281-652-1970,"Pearland",TX,77581,
"City of Red Oak Animal Shelter",aabernathy@redoaktx.org,214-399-7730,"Red Oak",TX,75154,
"City of Terrell Animal Adoption Center",sharmon@cityofterrell.org,972-551-6641,"Terrell",TX,75160,
"City of Waller Animal Shelter",cityofwalleranimalshelter@gmail.com,(346) 254-7824,"Waller",TX,77484,
"City of Webster Animal Shelter",atrover@cityofwebster.com,(281) 316-3709,"Webster",TX,77598,
"City of Wichita Falls Animal Services",diann.bowman@wichitafallstx.gov,(940) 761-8894,"Wichita Falls",TX,76302,
"Classy Cats Incorporated",adopt@classycats.org,http://www.classycats.org,"Roanoke",TX,76262,
"Cleburne Animal Shelter",acunit@cleburne.net,817-556-8895,"Cleburne",TX,76033,
"Clipped Ear Cat Sanctuary",clippedear@aol.com,,"Spring",TX,77386,
"Cocker Spaniel Rescue of Austin/San Antonio",woof@austincockerrescue.org,512-527-9923,"Austin",TX,78755,
"Cocker Spaniel Rescue of East Texas - Houston",judijfett@aol.com,7132081314,"Houston",TX,77024,
"Cody's Friends Rescue",adopt@codysfriendsrescue.com,,"Dallas",TX,75248,
"Col Potter Cairn Rescue Network-South Central",cpcrn@cairnrescue.com,,"Fort Worth",TX,76137,
"Collin County Animal Services",animalshelter@co.collin.tx.us,972-547-7292,"McKinney",TX,75070,
"Comanche Animal Shelter",comancheapa@gmail.com,817-845-2169,"Comanche",TX,76442,
"Commerce Animal Shelter",commerceanimals@gmail.com,(903) 886-1160,"Commerce",TX,75428,
"Community Misfits Animal Rescue",misfitsrescue@yahoo.com,,"Lorena",TX,76655,
"Companion Animal Network",can.adoptions@yahoo.com,903-967-3226,"Carrollton",TX,75006,
"Companion Connection",villagerescue@gmail.com,(512) 285-5620,"Elgin",TX,78621,
"Concho Valley PAWS",adopt@conchovalleypaws.org,325-653-8056,"San Angelo",TX,76905,
"Converse Animal Shelter Inc",casipets@sbcglobal.net,(210) 658-4821,"Converse",TX,78109,
"Coppell Humane Society",moreinfo@coppellhumanesociety.com,972-462-1121,"Coppell",TX,75019,
"Corgi & Critters N.E.T. Rescue, Inc.",faerydogrescue@gmail.com,,"Graham",TX,76450,
"Corridor Rescue Inc.",adopt@corridorrescue.org,,"Spring",TX,77391,
"Country Ladies Rescue",animalrescue_15@yahoo.com,903-316-8485,"Bullard",TX,75757,
"Cowboy Capital Pet Assistance League Inc.",maudreyh@aol.com,(210) 867-1769,"Bandera",TX,78003,
"Cowtown Loves Animal Shelter Pets",cowtownpets@gmail.com,(817) 886-7300,"Fort Worth",TX,76108,
"Crossed Paws Animal Haven",rescue@crossedpawsanimalhaven.org,,"McKinney",TX,75070,
"Crystal's Cats & Dogs Rescue",marie3ms@gmail.com,,"Houston",TX,77057,
"CTBR",chunkytrunks@sbcglobal.net,,"Pearland",TX,77511,
"Cuz i Matter Animal Rescue",cuzimatteranimalrescue@gmail.com,,"Pflugerville",TX,78691,
"Cypress Lucky Mutt Rescue",luckymuttrescuecypress@gmail.com,,"Cypress",TX,77433,
"Dachshund Rescue of Houston",adoptions@droh.org,,"Houston",TX,77003,
"Dallas Animal Services & Adoption Center",dasadopt@dallascityhall.com,214-671-0249,"Dallas",TX,75212,
"Dallas Cat Lady Adoptions",dallascatladyadoptions@gmail.com,214-766-6741,"Dallas",TX,75228,
"Dallas DogRRR",adopt@dallasdogrrr.org,4697672355,"Allen",TX,75013,
"Dallas Fort Worth Labrador Rescue",adoptions@dfwlabrescue.org,(469) 213-0271,"Dallas",TX,75023,
"Dallas Pets Alive",adopt@dallaspetsalive.org,(214) 444-9372,"Dallas",TX,75219,
"Dallas Street Dog Advocates",adopt@dallasstreetdogadvocates.org,,"Richardson",TX,75080,
"Dallas-Fort Worth Dachshund Rescue Foundation",rescue@dfwdachshund.com,(817) 481-9272,"Colleyville",TX,76034,
"Darby's Pals Rescue, Inc.",darbyspalsrescue@gmail.com,469-595-6128,"Kaufman",TX,75142,
"Darling Pound Hounds",darlingpoundhounds@yahoo.com,469-955-5613,"Dallas",TX,75252,
"DASH Dog Rescue",sara@dashdog.org,,"Dallas",TX,75248,
"Denison Animal Welfare Group",denisonanimals@gmail.com,903.361.4211,"Denison",TX,75021,
"Denning Animal Rescue",denninganimalrescue@gmail.com,(936) 288-0844,"San Augustine",TX,75972,
"Denton Humane Society",dhsofficemanager@aol.com,(940) 382-7387,"Denton",TX,76205,
"DFW Beagle Buddies",dfwbeaglebuddies@gmail.com,,"Mansfield",TX,76063,
"DFW Collie Rescue",dfwcollierescue@gmail.com,(214) 668-5794,"Stephenville",TX,76401,
"DFW FurGotten Friends",dfwfgf@gmail.com,,"Dallas",TX,75227,
"DFW German Shepherd Rescue",adoptions@dfwgermanshepherdrescue.org,,"Keller",TX,76244,
"DFW Humane Society",sarah@dfwhumane.com,972-721-7788,"Irving",TX,75038,
"DFW Pug Rescue",dfwpugrescue96@yahoo.com,817-481-2004,"Grapevine",TX,76099,
"DFW Pup Patrol Rescue",info@dfwpuppatrol.com,214-912-8191,"Wylie",TX,75098,
"DFW Purebred Rescue",dfwpbr@gmail.com,,"Irving",TX,75061,
"DFW Rescue Me",tammy@dfwrescueme.org,,"Dallas",TX,75214,
"DFW TZUS and More Rescue",info@dfwtzusandmorerescue.com,888-290-3335,"Euless",TX,76040,
"Diamond in the Fluff",jlawsondfluff@gmail.com,832687304,"Alvin",TX,77511,
"Doggy Darlings",doggydarlings12@gmail.com,,"Houston",TX,77077,
"Dogs Etc of Texas",dogsetc.texas@yahoo.com,817-219-6748,"Dallas",TX,75313,
"Dogs of Hilltown",teresam.doh@gmail.com,,"Aubrey",TX,76227,
"Dogtown Ranch Sanctuary, Rescue & Rehab Center",angela@dogtown01.org,(512) 446-2534,"Rockdale",TX,76567,
"Dowlen Road Veterinary Center",drvcpetmedicine@aol.com,409-860-4386,"Beaumont",TX,77706,
"Dr. Dolittle's Rescue Ranch",ddadoption@gmail.com,956-279-1044,"Mcallen",TX,78504,
"DREAM Dachshund Rescue, Education & Adoption Mission",contact-us@dreamdachs.org,,"Houston",TX,77259,
"Drowzy Dawg Rescue",drowzydawg@gmail.com,817-726-8380,"Covington",TX,76636,
"Dust Bowl Animal Rescue",dustbowlanimalrescue@gmail.com,(432) 638-0368,"Midland",TX,79711,
"E-Rescue-Houston Inc.",infoerescuehouston@gmail.com,,"Houston",TX,77072,
"East Lake Pet Orphanage",elpo@welovepets.net,214-342-3100,"Dallas",TX,75238,
"Easy Street Animal Shelter",esashelter@yahoo.com,(940) 613-6865,"Saint Jo",TX,76265,
"Education and Animal Rescue Society (EARS)",adoptions@earstexas.org,214-559-2817,"Dallas",TX,75219,
"Elle's Legacy",petrescue13@gmail.com,214-228-7936,"Dallas",TX,75209,
"English Bulldog Rescue Network of Houston, TX",jluvabull@aol.com,,"Magnolia",TX,77355,
"Epic Animal Rescue",fetch@epicanimalrescue.org,(469) 630-1701,"Coppell",TX,75019,
"Euless Animal Services - Trinity GAP Rescue",trinitygapclub@gmail.com,817-685-1594,"Euless",TX,76040,
"Every Life Matters Animal Rescue",elmanimalrescue2@gmail.com,(469) 702-1356,"McKinney",TX,75070,
"Everything Grey Greyhound Haven",rehomegreyhounds@gmail.com,4097812356,"Nederland",TX,77627,
"Family Animal Hospital",fahnotify@gmail.com,(281) 482-1594,"Friendswood",TX,77546,
"Farmers Branch Animal Adoption Center",animalservices@farmersbranchtx.gov,(972) 919-8770,"Farmers Branch",TX,75234,
"Feline/Canine Friends of Houston",felinecaninehouston@hotmail.com,,"Houston",TX,77007,
"Feral Friends Community Cat Alliance",adopt@feralfriends.org,(972) 671-0429,"Richardson",TX,75083,
"Fetching Fur-ever Families",fetchingfureverfamilies@gmail.com,8303280066,"Boerne",TX,78006,
"Find.Love.Train",find.love.train@gmail.com,5128432077,"Liberty Hill",TX,78642,
"FixinTexas Animal Advocates",fixintexas2017@yahoo.com,(972) 351-7261,"Point",TX,75472,
"Fluffys Friends, Inc.",info@fluffysfriends.org,,"Navasota",TX,77868,
"FOPAWS",fallcreekfopaws@gmail.com,,"Humble",TX,77396,
"For Paws Sake Rescue",info@forpawssakerescue.org,(361) 244-8851,"Helotes",TX,78023,
"For The Love of Strays",fortheloveofstrays@yahoo.com,(361) 462-7911,"Corpus Christi",TX,78468,
"Forgotten Dogs of the 5th Ward Project",info.5thward@gmail.com,,"Porter",TX,77365,
"Forgotten Friends Texas Rescue RGV",info@forgotten-friends.org,956-605-7004,"Mission",TX,78572,
"Forgotten Souls Bully Rescue",forgottensoulsbullyrescue@outlook.com,,"Grand Prairie",TX,75050,
"Forgotten Tails Animal Rescue",forgottentails@gmail.com,406-599-9316,"Fort Worth",TX,76179,
"Forney Animal Shelter",animalshelter@cityofforney.org,(972) 564-7397,"Forney",TX,75126,
"Fort Bend County Animal Services",barbara.vass@fortbendcountytx.gov,281-342-1512,"Rosenberg",TX,77471,
"Freedom Collie Rescue",freedomcollierescue@yahoo.com,936-442-1345,"Sugar Land",TX,77479,
"Freedom Street Rescue",karoline.carlson@gmail.com,,"Houston",TX,77095,
"Friends for Animals Adoption Shelter",friends@granburyadoptapet.org,(817) 326-3647,"Granbury",TX,76049,
"Friends For Life Animal Shelter & Sanctuary",adoptionmanager@adoptfriends4life.org,713-863-9835,"Houston",TX,77008,
"Friends of Animal Rescue",friendsofanimalrescue@gmail.com,(956) 772-1171,"South Padre Island",TX,78597,
"Friends of Gonzales Animal Shelter",fogas@stx.rr.com,830 857-1616,"Gonzales",TX,78629,
"Friends of League City Animal Shelter",monica@friendsofleaguecityanimalshelter.com,832 536 3388,"League City",TX,77573,
"Friends of Rowlett Animals",info@friendsofrowlettanimals.org,,"Rowlett",TX,75030,
"Friendswood Animal Advocates",friendswoodanimaladvocates@gmail.com,,"Friendswood",TX,77549,
"Frisco Humane Society",fhsadmin@friscohumanesociety.com,(972) 498-8980,"Frisco",TX,75034,
"Fujimoto's Friends",doinpeachy@gmail.com,,"Lubbock",TX,79411,
"Furr Ever Pets Rescue",info@furreverpetsrescue.org,,"Judson",TX,75660,
"Furry Friends Animal Rescue",info@furryfriendsanimalrescue.org,,"Plano",TX,75025,
"Furry Friendzy",adoptions@furryfriendzy.org,(214) 914-2535,"Dallas",TX,75201,
"Fuzzy Friends Rescue",volunteer@fuzzyfriendsrescue.com,(254) 754-9444,"Waco",TX,76702,
"Galveston County Animal Resource Center",arc@gchd.org,409-948-2485,"Texas City",TX,77590,
"Georgetown Animal Outreach",txcodigirl@gmail.com,,"Georgetown",TX,78627,
"Georgetown Animal Shelter",animalsvc@georgetown.org,(512) 930-3592,"Georgetown",TX,78627,
"German Shepherd Rescue Central Texas",gsdrescuectx@yahoo.com,,"Dripping Springs",TX,78620,
"Glass Slipper Animal Rescue",glassslipperrescue@gmail.com,2813189092,"Houston",TX,77009,
"God's Dogs Rescue",adoptions@godsdogsrescue.org,(210) 617-8181,"Von Ormy",TX,78073,
"Golden Retriever Rescue Alliance",grralliance@gmail.com,,"Fort Worth",TX,76161,
"Goliad Pet Adoption, Inc.",goliadpetadoption@yahoo.com,361-645-1503,"Goliad",TX,77963,
"Gonzales Dog Adoptions",gonzalesdog@gmail.com,,"Gonzales",TX,78629,
"Good Lif3 Bully Rescue",goodlif3adoptions@gmail.com,,"Tomball",TX,77377,
"Good Mews Rescue",goodmewsrescue@gmail.com,,"Houston",TX,77074,
"Good Shepherd Rescue & Sanctuary of Texas",gsdresq@gmail.com,,"Plano",TX,75075,
"Good Times Bully Rescue",goodtimesbullyrescue@yahoo.com,,"Kemp",TX,75143,
"Got Paws?",darcy0325@gmail.com,903-522-9035,"Kilgore",TX,75662,
"Grace & Hope for Paws, A Pet Rescue, Inc.",smithsaints@comcast.net,,"Spring",TX,77382,
"Grand Companions Humane Society",info@grandcompanions.org,432.426.3724,"Fort Davis",TX,79734,
"Grand Prairie Animal Services",animaldispatch@gptx.org,972-237-8575,"Grand Prairie",TX,75052,
"Grand Prairie CAT CREW",gpcatcrew@gmail.com,,"Grand Prairie",TX,75052,
"Grapevine Animal Services",animalservices@grapevinetexas.gov,817-410-3370,"Grapevine",TX,76051,
"Gray Mutts Rescue and Sanctuary",graymuttsrescue@gmail.com,(254) 218-4167,"Clifton",TX,76634,
"Great Dane Rescue of Southeast Texas",info@saveadane.org,,"Houston",TX,77062,
"Great Pyrenees Rescue Society",info@gprescuesociety.org,Please email!,"Houston",TX,77007,
"Greater Houston German Shepherd Dog Rescue",info@ghgsdr.org,281-506-0400,"Houston",TX,77094,
"Greenville Animal Control Shelter",animalcontrol@ci.greenville.tx.us,903-457-2990,"Greenville",TX,75402,
"Greyhound Pets of America/Central Texas",info@gpa-centex.org,(855) 446-3278,"Austin",TX,78766,
"Greyhounds Unlimited",info@greyhoundsunlimited.org,972-503-GREY (4739),"Dallas",TX,75370,
"Guadalupe County Humane Society",gchs@satx.rr.com,830-372-2055,"Seguin",TX,78156,
"Gulf Coast Cocker Spaniel Rescue",gulfcoastcsr@hotmail.com,,"Houston",TX,77242,
"Gulf Coast Humane Society",gchs@gchscc.org,361-225-0845,"Corpus Christi",TX,78415,
"Gulf Coast STARS",info@gulfcoaststars.org,,"Angleton",TX,77515,
"H3R",hello@h3rdfw.org,,"Haltom City",TX,76148,
"Habitat 4 Paws",info@habitat4paws.org,,"McKinney",TX,75071,
"Habitat for Horses",office@habitatforhorses.org,(409) 935-0277,"Hitchcock",TX,77563,
"Half Wag House Rescue",halfwaghouse@gmail.com,3607403790,"Bertram",TX,78605,
"Haltom City Animal Shelter",jhoward@haltomcitytx.com,817-759-2124,"Haltom City",TX,76117,
"Handfuls on Purpose / HOPE",cnierdieck@yahoo.com,(281) 387-6532,"Hearne",TX,77859,
"Happily Ever After Dog Rescue",happilyeverafter4dogs@yahoo.com,,"Houston",TX,77062,
"Happy Dog Adoption",happydog@tstar.net,512-793-4197,"Buchanan Dam",TX,78609,
"Happy Tails Rescue",happytailschildress@yahoo.com,(940) 937-6065,"Childress",TX,79201,
"Harbored Souls Rescue",harboredsouls@gmail.com,,"Fort Worth",TX,76179,
"Harris County Public Health & Environmental Services Veterinary Public Health",webmaster@countypets.com,(281) 999-3191,"Houston",TX,77076,
"Hearne Animal Control",seachicken1954@yahoo.com,(979) 279-6388,"Hearne",TX,77859,
"Heart of Texas SPCA",hotk9rescue@yahoo.com,(830) 981-2300,"San Antonio",TX,78260,
"Hearts and Bones Rescue",adopt@heartsandbonesrescue.com,,"Dallas",TX,75206,
"Hearts of Life Animal Rescue",adoptonenow@aol.com,903-439-5019,"Sulphur Springs",TX,75483,
"Heaven Can Wait Animal Rescue",glorybegood@gmail.com,(214) 682-0095,"Farmersville",TX,75442,
"Heaven's Helpers Pet Rescue",heavenshelpersrescue@gmail.com,,"Midlothian",TX,76065,
"Helotes Humane Society",ed@hhsanimals.org,210-422-6242,"Helotes",TX,78023,
"Henderson County Animal Shelter Texas",hcanimalshelter@henderson-county.com,(903) 676-4029,"Athens",TX,75751,
"Hieu's Archangels",hieusarchangels@gmail.com,281-509-1916,"Houston",TX,77056,
"Highland Lakes SPCA",highlandlakesspca@gmail.com,(830) 693-0569,"Marble Falls",TX,78654,
"Hill Country Cat Control",hillcountrycats@yahoo.com,830-220-0766,"Horseshoe Bay",TX,78657,
"Hill Country Humane Society",hillcountryhs@gmail.com,512-793-5463,"Buchanan Dam",TX,78609,
"Hill Country SPCA",info@hillcountryspca.com,830-990-9085,"Fredericksburg",TX,78624,
"Hill County Paw Pals",hcpawpals@yahoo.com,254-580-0679,"Hillsboro",TX,76645,
"Hillcrest Animal Rescue, Inc.",contact@hillcrestanimalrescue.org,469 363-6433,"McKinney",TX,75070,
"Holly's Hope Rescue",hollyshoperescue@gmail.com,(512) 892-1600,"Buda",TX,78610,
"Home At Last Animal Haven  [HALAH]",homeatlastanimal@gmail.com,,"Godley",TX,76044,
"Homeless Angels Rescue Team, Houston, Texas",saveahart@gmail.com,,"Houston",TX,77082,
"Homeless Hounds Animal Rescue",homelesshounds2016@gmail.com,817-821-4942,"Colleyville",TX,76034,
"Homeless Pet Placement League",hppl@hppl.org,(713) 862-7387,"Houston",TX,77277,
"Homes for Pets/Schertz Humane Society",info@homesforpets.org,210-619-1980,"Schertz",TX,78154,
"Homeward Bound Dog Rescue",sagdinfo@aol.com,,"Austin",TX,78703,
"Honoring Hope and Faith Rescue, Inc.",hhfrescue@gmail.com,866.774.4673,"Houston",TX,77095,
"Hood Co Animal Lovers Organization",hoodcoanimalloversorganization@gmail.com,(817) 564-2085,"Granbury",TX,76048,
"Hood County Sheriff Animal Control",hcac@co.hood.tx.us,817-573-4277,"Granbury",TX,76048,
"Hooves and Hounds Rescue and Rehabilitation Sanctuary",puppalace2011@gmail.com,,"Sheridan",TX,77475,
"HOPE (Homeless & Orphaned Pets Endeavor)",hope@homelesspets.net,(713) 622-4673,"Houston",TX,77277,
"Hope for Horses Equine Rescue, Inc.",info@hopeforhorses.com,,"Sugar Land",TX,77479,
"Hound Haven & Friends Adoptions",hound.haven@gmail.com,,"Floresville",TX,78114,
"Hound Rescue",info@houndrescue.com,,"Austin",TX,78741,
"House of Meows - HOME Rescue",adopt@homerescuedfw.org,,"Arlington",TX,76012,
"Houston Animal Rescue Team - HART",hartrescue.adoptions@gmail.com,,"Tomball",TX,77377,
"Houston Area Doberman Rescue",contact@hadr.org,832-598-4237,"Houston",TX,77017,
"Houston Beagle Rescue",info@houstonbeaglerescue.org,,"Tomball",TX,77375,
"Houston Boxer Rescue",info@houstonboxerrescue.org,832-582-2166,"Houston",TX,77254,
"Houston Chow Chow Connection",chowmail.hccc@gmail.com,,"Houston",TX,77008,
"Houston Cocker Spaniel Rescue",mgrd@aol.com,713-469-2414,"Spring",TX,77380,
"Houston Collie Rescue",houcollierescue@yahoo.com,281-564-6852 Collie line,"Houston",TX,77099,
"Houston Eskie Rescue",houston_eskie_resq@yahoo.com,,"Houston",TX,77042,
"Houston Homeless Pet Project",hhpprescue@yahoo.com,,"Spring",TX,77386,
"Houston Humane Society",adoptions@houstonhumane.org,713-433-6421,"Houston",TX,77053,
"Houston Huts 4 Mutts",medleyaliesha@yahoo.com,,"Highlands",TX,77562,
"Houston Mini Pig Network",houstonmpn@gmail.com,(832) 738-2201,"Houston",TX,77084,
"Houston Pets Alive!",adopt@houstonpetsalive.org,832-786-9310,"Houston",TX,77236,
"Houston SPCA",adoptions@houstonspca.org,,"Houston",TX,77024,
"Humane Animal Rescue Project",alfredk9rr@gmail.com,(979) 921-0457,"Hempstead",TX,77445,
"Humane Society and Adoption Center of Rockport-Fulton",adopt.hsacrockport@gmail.com,361-729-8186,"Fulton",TX,78358,
"Humane Society of Angelina County",hsac@consolidated.net,936-639-1880,"Lufkin",TX,75904,
"Humane Society of Cedar Creek Lake",info@hsccl.org,(903) 432-3422,"Seven Points",TX,75143,
"Humane Society of Central TX",hsctapplications@gmail.com,254-754-1454,"Waco",TX,76706,
"Humane Society of Dallas",adoptions@dognkittycity.org,214-350-7387,"Dallas",TX,75135,
"Humane Society of Harlingen",harlingenhumanesociety@yahoo.com,(956) 425-7297,"Harlingen",TX,78550,
"Humane Society of Harrison County",hshcpaws@cobridge.tv,903 938-7297,"Marshall",TX,75670,
"Humane Society of Lewisville",office@hsltexas.org,(972) 353-4840,"Lewisville",TX,75067,
"Humane Society of Marion County",weddcs@aol.com,(903) 601-2174,"Jefferson",TX,75657,
"Humane Society of New Braunfels Area",adoption@hsnba.org,(830) 629-5287,"New Braunfels",TX,78132,
"Humane Society of North Texas",info@hsnt.org,(817) 332 - HSNT,"Fort Worth",TX,76103,
"Humane Society of Southeast Texas",hssetnowandforever@gmail.com,(409) 833-0504,"Beaumont",TX,77704,
"Humane Society of Uvalde",hsuadoption@yahoo.com,830-591-9229,"Uvalde",TX,78801,
"Humane Society of West Texas",hswt.org@gmail.com,,"Lubbock",TX,79410,
"Humane Society of Wichita County",frontdesk@humanesocietyofwichitacounty.org,940-855-4941,"Wichita Falls",TX,76305,
"Humane Tomorrow",adopt@humanetomorrow.org,972-691-7387,"Flower Mound",TX,75028,
"Hunt County Pets Alive",huntcountypetsalive@gmail.com,903-600-0738,"Lone Oak",TX,75453,
"Hunters Dog Rescue",huntersdogrescue@gmail.com,2108462195,"Seguin",TX,78155,
"I Am Dog Rescue INC",iamdogrescue@gmail.com,9402020951,"Cross Roads",TX,76227,
"I Once Was Lost Animal Advocacy",adette@pawsitively.org,512 796 9016,"Cedar Creek",TX,78612,
"IDOG Rescue, Inc.",rescue@idogrescue.com,,"Houston",TX,77005,
"IGCA Rescue of Texas",igrescuetexas@gmail.com,,"Argyle",TX,76226,
"In Dog We Trust",cherry2790@hotmail.com,,"Adkins",TX,78101,
"In the name of ZOEY - Houston, TX",adopt@inthenameofzoey.org,(832) 533-6049,"Houston",TX,77069,
"iRescue",rescue@irescuehomelesspets.org,,"Weatherford",TX,76086,
"Irish Setter Rescue of North Texas",coolmeadowirish@charter.net,817-244-3117,"Aledo",TX,76008,
"Irving Animal Services - City of Irving Texas",adoptapet@cityofirving.org,972-721-2256,"Irving",TX,75038,
"Island Girl Animal Rescue Society Inc.",marylynnr@sbcglobal.net,,"Fort Worth",TX,76161,
"Izabella's Canine Rescue and Rehabilitation",carolyn.hinojosa@izabellascaninerescueandrehab.com,,"San Antonio",TX,78223,
"Jasper Lakes Area Humane Society",contact@jlahs.org,409-381-8488,"Jasper",TX,75951,
"Jeff Tarpley Rescue",jeffntexarkana@aol.com,,"Texarkana",TX,75501,
"Jethro Homeward Bound Pets",mmwesttx@yahoo.com,432-294-1257,"Alpine",TX,79832,
"Johnson County Humane Society",info@jchspets.com,817-240-1200,"Cleburne",TX,76033,
"Joyrides Rescue",info@joyrides.org,,"Houston",TX,77005,
"Judy's Ark",btails@sbcglobal.net,830.334.4500,"Pearsall",TX,78061,
"Jurassic Bark Rescue",jurassicbarkrescue@yahoo.com,832-243-6090 new number ***,"Houston",TX,77035,
"K-9 Angels Rescue",petfinder@k-9angelsrescue.org,,"Houston",TX,77006,
"K-9 Corral",skipandsusan@msn.com,281-354-9546,"Kingwood",TX,77339,
"K9 Mill Rescue",info@k9millrescue.org,682-214-6320,"Athens",TX,75751,
"K9Kare",k9kareadoptme@gmail.com,,"Alvin",TX,77511,
"Kaleys Place",kaleysplace@gmail.com,(682) 233-2026,"North Richland Hills",TX,76180,
"Karnes County Humane Organization",info@karnescountyhumane.org,830-583-0660,"Kenedy",TX,78119,
"Katie's Roadside Rescue",krr.rescueme@gmail.com,210-831-4998,"San Antonio",TX,78245,
"Katy's Dog Place",ilovemutts@aol.com,940-636-5628,"Petrolia",TX,76377,
"Kaufman County Cats, Inc",mlynnackerman@gmail.com,214-502-6567,"Scurry",TX,75158,
"Keene Animal Shelter",adoptapet@keenepd.org,(817) 933-1838,"Keene",TX,76059,
"Kendall County Animal Shelter",brandy.ripley@co.kendall.tx.us,830-537-3430,"Comfort",TX,78013,
"Killeen Animal Services",animal@killeentexas.gov,254-526-4455,"Killeen",TX,76543,
"KIM ACRES ANIMAL SANCTUARY",kimtimacres@yahoo.com,(210) 535-4447,"Von Ormy",TX,78073,
"Kirby-Bexar Animal Facility",kirbybexar@gmail.com,210-214-6919,"Kirby",TX,78219,
"Kitty Save",adoptions@kittysave.org,(214) 728-2237,"The Colony",TX,75057,
"Kool Kats and Kanines",koolkatskanines@aol.com,(817) 991-0729,"Fort Worth",TX,76126,
"Kool Kats Feline Rescue and Adoptions",koolkatsadoptions@yahoo.com,,"Bedford",TX,76021,
"Kurth Memorial Animal Services & Adoption Center",aramsey@cityoflufkin.com,936-633-0218,"Lufkin",TX,75901,
"Labs Etc. Rescue",labsetcrescue@gmail.com,,"Spring",TX,77379,
"Lake Country Ladies to the Rescue",lakecountryladies@gmail.com,903-474-1278,"Yantis",TX,75497,
"Lake Dallas Animal Shelter",jperalta@lakedallaspd.org,(940) 497-7090,"Lake Dallas",TX,75065,
"Lampasas Animal Shelter",lampasasanimalshelter@gmail.com,512-556-8586,"Lampasas",TX,76550,
"LARAS House",info@larashouseshelter.org,(254) 292-9552,"Mexia",TX,76667,
"Las Lomas K9 Rescue & Adoption Foundation",kim@dogsrus.org,,"Floresville",TX,78114,
"League City Animal Shelter",animalcontrol@leaguecity.com,281-554-1377,"League City",TX,77573,
"League of Animal Protectors",laprescue@gmail.com,,"Plano",TX,75094,
"Legacy Boxer Rescue",info@savetheboxers.com,877-526-9377,"Hurst",TX,76054,
"Legacy Humane Society",contact@legacyhumanesociety.org,469-609-7387,"McKinney",TX,75070,
"LeLands Heart Sanctuary",lelandsheart@hotmail.com,806-885-1990,"Lubbock",TX,79499,
"Levelland, Texas Animal Shelter",john.dupre@valornet.com,(806) 894-2985,"Levelland",TX,79336,
"Life Force",jfkatlady@aol.com,409-656-9291,"Beaumont",TX,77726,
"Life Long Rescue (LLR)",lifelongres@gmail.com,469-474-3472,"Dallas",TX,75228,
"Lifelong Friends Pet Adoptions",info@lifelongfriends.org,(512) 267-6876,"Lago Vista",TX,78645,
"Lifesavers Corp",lifesaversapps@outlook.com,(903) 452-0526,"Longview",TX,75608,
"Lil Paws Maltese Rescue and other Petite Paws",lilpaws_malteserescue@yahoo.com,,"Austin",TX,78745,
"Little Dog Rescue of North Texas, Inc.",savelittledogs@gmail.com,972-951-3647,"Little Elm",TX,75068,
"Little Orphan Angels Animal Welfare Agency",adopt@littleorphanangels.org,emails only please!,"Keller",TX,76248,
"Living Love Animal Rescue",livingloveanimalrescue@gmail.com,,"Marble Falls",TX,78654,
"Lizzy's Hospice House",lizzyshospice@gmail.com,,"Dripping Springs",TX,78620,
"LMN Feline Rescue",lmnfelinerescue@hotmail.com,,"Humble",TX,77346,
"Lone Star Akita Rescue",lonestarakitarescue@aol.com,903-450-7707,"Greenville",TX,75402,
"Lone Star Animal Welfare League Lab Rescue",lonestarlabadoptions@gmail.com,,"The Woodlands",TX,77393,
"Lone Star Aussie Rescue",lonestaraussierescue@gmail.com,(972) 619-3390,"Ovilla",TX,75154,
"Lone Star Bernese Mountain Dog Rescue Inc",crystalcreek4@juno.com,469-323-2038,"Double Oak",TX,75077,
"Lone Star Boxer Rescue",nnaira12@sbcglobal.net,713-464-1381,"Houston",TX,77254,
"Lone Star Bulldog Club Rescue",info@dfwbulldogrescue.org,,"Wylie",TX,75098,
"Lone Star Doberman Rescue",lonestardobermanrescue@gmail.com,,"Benbrook",TX,76126,
"Lone Star Kitties",info@texasadopts.org,(817) 876-7476,"Hurst",TX,76053,
"Lone Star Labrador Retriever Rescue",adoptions@lonestarlabrescue.org,(214) 855-1515,"Dallas",TX,75248,
"Lone Star Pyrs and Paws Rescue",paigesegovia@msn.com,214-724-0856,"Merit",TX,75458,
"Lone Star Sanctuary for Animals",lonestarsanctuary@yahoo.com,432-683-7387,"Midland",TX,79705,
"Lone Star Shih Tzu and Lhasa Apso Rescue",adoptioninquiries@yahoogroups.com,,"Houston",TX,77208,
"Lone Star Westie Rescue",lswrvolunteers@verizon.net,877-561-5922,"Plano",TX,75025,
"Long on Love Dachshund Rescue",doxierescuechic@gmail.com,979-229-4776,"Bryan",TX,77808,
"Long Way Home Animal Rescue",april@mylongwayhome.org,please email,"College Station",TX,77845,
"Lost Paws Rescue of Texas",lostpawsrescueoftexas@yahoo.com,972-394-9373,"Carrollton",TX,75011,
"Love and Rescue",petfinderlar@gmail.com,,"Houston",TX,77006,
"Love-A-Bull",adopt@love-a-bull.org,(512) 867-5309,"Austin",TX,78760,
"Loving Arms Pet Placement",adoptions@lovingarmspetplacement.com,(713) 899-9672,"Houston",TX,77094,
"Lubbock Animal Services",jharvell@mail.ci.lubbock.tx.us,,"Lubbock",TX,79404,
"Lucky Kitty Crew",rebecca.gribben@gmail.com,,"Magnolia",TX,77355,
"Lucky Penny Rox Rescue - Ft Bend County Tx",luckypennyroxrescue@gmail.com,,"Richmond",TX,77469,
"Lucky Strykes Dog Rescue, Inc.",info@luckystrykesrescue.com,(361) 676-9260,"Palacios",TX,77465,
"Lucy's Lost Loved Ones",llloadopt@yahoo.com,,"Fort Worth",TX,76111,
"Luling Animal Welfare Society (L.A.W.S.)",adoptatlaws@gmail.com,(512) 749-5643,"Luling",TX,78648,
"Madisonville Animal Control",ellie.haynes@madisonvillepd.net,(936) 348-3317,"Madisonville",TX,77864,
"Maggie's Angels",maggies_angels@yahoo.com,(817) 897-1382,"Keller",TX,76244,
"Mansfield Animal Care and Control",animalcontrol@mansfield-tx.gov,817-276-4799,"Mansfield",TX,76063,
"ManyPaws Rescue",manypawsrescue@gmail.com,,"Decatur",TX,76234,
"Maricats Rescue/Paw Pals of Haltom City",maricatsrescue@gmail.com,8172019012,"Haltom City",TX,76137,
"Mason's Haven",masonhaven48@yahoo.com,210-601-1107,"Bergheim",TX,78004,
"Mastiffs and More Rescue Tx",mastiffsandmore@gmail.com,,"Arlington",TX,76011,
"Mazie's Mission",vet-care@maziesmission.org,(214) 436-4591,"Frisco",TX,75035,
"Mercy For Paws",mercyforpaws@gmail.com,8175659724,"Springtown",TX,76082,
"Merlin's Hope Ragdoll Rescue",merlinshoperagdollrescue@gmail.com,,"Ennis",TX,75119,
"Mid Cities Humane Society",midcitieshumanesociety@yahoo.com,817 368 5094,"Mansfield",TX,76063,
"Midland Humane Coalition",steg@midlandhumane.com,432-520-3134,"Midland",TX,79710,
"Midnight's Journey, Inc.",midnightsjourney@aol.com,(512) 876-7081,"Jarrell",TX,76537,
"Millie's Mutts",mmuttsrescue@gmail.com,(469) 319-2169,"Dallas",TX,75287,
"Mini Mutts Animal Rescue",mini-mutts@outlook.com,,"Grand Prairie",TX,75050,
"Miniature Pinscher Rescue Houston",reh_pinscher@yahoo.com,,"Houston",TX,77235,
"Miniature Schnauzer Rescue of North Texas",adopt@msrnt.com,,"Carrollton",TX,75011,
"Mission for Paws",missionforpaws@att.net,,"Houston",TX,77062,
"Mission Miracle K9 Rescue",adopt@missionmiracle.org,,"Bandera",TX,78003,
"Mission Pawsible Animal Assistance",info@missionpawsiblecc.org,361-277-1731,"Corpus Christi",TX,78415,
"Missys Haven Canine Rescue",info@missyshavencr.org,(210) 802-5031,"San Antonio",TX,78223,
"Montgomery County Animal Shelter",shelter.counter@mctx.org,(936) 442-7738,"Conroe",TX,77385,
"Mooch's Mastiff Rescue",mastiffsue1@gmail.com,,"Kingwood",TX,77339,
"Morris Safe House Foundation",lapis3240@yahoo.com,806-239-0156,"Lubbock",TX,79407,
"Mutts & Mittens",info@muttsandmittens.org,817-896-6137,"Fort Worth",TX,76132,
"Mutty Pawz",muttypawz@yahoo.com,(903) 814-2276,"Sherman",TX,75090,
"Mystery Dog Rescue",mysterydogrescue1@yahoo.com,210-551-8262,"San Antonio",TX,78209,
"N.A.B.S. (Noah's Ark Bayou Sanctuary Animal Rescue)",julia@brazoriapaws.org,(281) 330-5238,"Liverpool",TX,77577,
"Nana's PIT Stop & Bully Breed Rescue",nanaspitstop@ntin.net,(940) 368-9132,"Denton",TX,76201,
"National Brussels Griffon Rescue, Inc.",nbgrtexas@yahoo.com,,"Houston",TX,77024,
"Navasota Animal Shelter",helpnavasotapets@gmail.com,936-825-6641,"Navasota",TX,77868,
"New Beginnings Cat Rescue",adoptions@nbcrtx.org,,"Garland",TX,75040,
"New Best Friend Rescue",lisa@newbestfriend.org,,"Cypress",TX,77433,
"New Hope Cat Rescue & Sanctuary",newhopecrs@gmail.com,817-366-6191,"Kennedale",TX,76060,
"New Leash on Life! American Eskimo Dog Rescue",newleashonlife@att.net,(210) 410-7334,"Somerset",TX,78069,
"New Life Individual and Family Services",rescue@newlifeifs.org,(214) 484-7363,"Dallas",TX,75243,
"New Life Rescue, Inc.",newliferescueinc@yahoo.com,,"Houston",TX,77075,
"Ninja Paws Rescue",info@ninjapaws.xyz,,"Fort Worth",TX,76124,
"No Kill Hunt County and Surrounding Areas",savecatsanddogs@yahoo.com,,"Campbell",TX,75422,
"No Place Like Home",info@nplhpetsitters.com,8177074239,"Burleson",TX,76028,
"Noah's Ark Animal Shelter",noahsarktx@yahoo.com,940 665 9800,"Gainesville",TX,76240,
"Nocona Lucky Paws Animal Shelter",noconaluckypaws@gmail.com,940 867 5015,"Nocona",TX,76255,
"North American Shar-Pei Rescue (NASPR)",sharpeirescue@prodigy.net,,"Houston",TX,77074,
"North Richland Hills Animal Adoption and Rescue Center",cmezger@nhtx.com,817-427-6570,"North Richland Hills",TX,76180,
"North Texas Basset Hound Rescue Inc.",info@bassetrescuedfw.org,(817) 366-5649,"Grapevine",TX,76099,
"North Texas Boxer Rescue",info@northtexasboxerrescue.org,,"Dallas",TX,75225,
"North Texas Cat Rescue",adoption@northtexascatrescue.com,214-454-9395,"McKinney",TX,75069,
"North Texas Rabbit Sanctuary",ntrs_tx@yahoo.com,,"Garland",TX,75042,
"North Texas Scottie Rescue, Inc.",northtexasscottierescue@gmail.com,,"Dallas",TX,75313,
"Oak Hill Animal Rescue Inc",info@ohar.org,972.287.9150,"Seagoville",TX,75159,
"OHTH, Inc.",ohthfilm@gmail.com,,"Houston",TX,77006,
"One by One Pet Rescue",cybru@hotmail.com,,"Flower Mound",TX,75028,
"Operation Kindness",ok@operationkindness.org,(972) 418-PAWS (7297),"Carrollton",TX,75006,
"Operation Pets Alive",adopt@operationpetsalive.org,,"The Woodlands",TX,77393,
"Ordinary Miracles Canine Rescue",ordinarymiracles@att.net,,"San Antonio",TX,78220,
"PacoCorp Rescue",pacocorprescue@gmail.com,(682) 503-1837,"Euless",TX,76039,
"PAL - Protective Animal League",protanimleag@yahoo.com,(972) 881-1981,"Richardson",TX,75083,
"Pampa Animal Welfare Society",fmcurry@nts-online.net,806 664-1615,"Pampa",TX,79065,
"Parker Paws",parkerpawsrescue@gmail.com,817-694-5718,"Weatherford",TX,76086,
"Partnership For Pets of East Texas",belindawiggins@att.net,(903) 235-6101,"Longview",TX,75605,
"Pasadena Animal Shelter & Pet Adoption Center",adoptions@ci.pasadena.tx.us,281-991-0602,"Pasadena",TX,77504,
"Passion for Paws Memorial Animal Shelter",nixonpassionforpaws@gmail.com,830-534-2256,"Nixon",TX,78140,
"Passion for Pooches Rescue",dawnrsmith99@hotmail.com,903-826-2535,"Texarkana",TX,75501,
"Pause for Paws",sharalmack@gmail.com,210-378-5373,"San Antonio",TX,78232,
"PAW Pals of Hale Center",aatwood@hcisdowls.net,(806) 367-0695,"Hale Center",TX,79041,
"Pawed Squad",adopt@pawedsquad.com,,"Abilene",TX,79606,
"PawPrint Cottage Rescue",rescue@pawprintrescue.org,,"Liverpool",TX,77577,
"Paws & Claws Rescue Inc.",klffwtx54@gmail.com,,"Fort Worth",TX,76133,
"Paws 4 Life",bebostons@aol.com,830-540-4004,"Rosanky",TX,78953,
"Paws and Claws Veterinary Clinic",pawsandclawsvet@embarqmail.com,940-458-2529,"Sanger",TX,76266,
"Paws Animal Rescue",paws@oplink.net,(281) 241-7015,"Alvin",TX,77512,
"PAWS for Irving Animals",pawsforirvinganimalsllc@gmail.com,817-380-8142,"Irving",TX,75039,
"Paws in Prison",info@pawsinprison.com,830-305-2629,"Lockhart",TX,78644,
"PAWS of Austin",pawsofaustin@yahoo.com,,"Austin",TX,78736,
"Paws of Love Animal Rescue",pawsofloveanimalrescue@yahoo.com,,"Dallas",TX,75229,
"Paws Ranch Rescue and Animal Sanctuary",pawsranchrescue@yahoo.com,210-842-7558,"San Antonio",TX,78264,
"PAWS Shelter and Humane Society",info@pawsshelter.org,(512)268-1611,"Kyle",TX,78640,
"PAWsitive Connections TX",info@pawsitiveconnectionstx.org,(860) 830-7849,"Humble",TX,77346,
"Pawsome Exotic Small Mammal Sanctuary and Rescue",pawsomerescue@gmail.com,(254) 247-8231,"Belton",TX,76513,
"peacelovedogs",mel@peacelovedogs.com,Email preferred,"Missouri City",TX,77459,
"Pet Assistance Association of South Texas (PAA)",lindapaawagsnwhiskers@gmail.com,(361) 343-2613,"Beeville",TX,78102,
"Pet Central Dog Rescue",tumwaterdogs@gmail.com,,"San Antonio",TX,78221,
"Pet Connect Rescue Inc.",houston@petconnectrescue-tx.org,,"Belton",TX,76513,
"Pet Connectors",wamplers@hotmail.com,817-528-8600,"Haslet",TX,76052,
"Pet Guardian Angel Welfare Association",pgawaep@gmail.com,915-598-0411,"El Paso",TX,79938,
"Pet Prevent A Litter (PALS) of Central Texas",pal@preventalitter.com,512 754-PALS,"San Marcos",TX,78667,
"Pet Rescue",petrescuetexas@gmail.com,,"Royse City",TX,75189,
"Pet Rescue Team",petrescueteam.tx@gmail.com,,"Houston",TX,77063,
"Pets Assisting Wounded Soldiers",tntpaws@gmail.com,940-642-8779,"Corinth",TX,76210,
"Pets Fur People",gayle@hsoet.org,903-597-2471,"Tyler",TX,75711,
"Pets Luv Furever Animal Rescue",petsluv@risebroadband.net,(817) 264-7080,"Grand Prairie",TX,75053,
"Pets Needing Parents",petsneedingparents@gmail.com,(888) 495-5553,"Colorado City",TX,79512,
"Pflugerville Pets Alive!",adopt@pflugervillepetsalive.org,,"Pflugerville",TX,78660,
"Pita's Pals Canine Rescue",jmmartin77@hotmail.com,210-708-7109,"Boerne",TX,78006,
"PJs Place Animal Rescue",pjsplacetx@gmail.com,,"Houston",TX,77032,
"Plano Animal Shelter",debbien@plano.gov,(972) 769-4360,"Plano",TX,75093,
"Poodle Rescue of Houston",prhinfo1@gmail.com,(281) 477-3297,"Houston",TX,77070,
"Poquita Paws Rescue",poquitapawsrescue@yahoo.com,,"San Antonio",TX,78209,
"Post Animal Refuge Center",postarc@yahoo.com,(806) 781-6766,"Post",TX,79356,
"Powder's Pals Rescue",powderspalsrescue@gmail.com,214-901-0906,"Wylie",TX,75098,
"Precious Critters Small Pet Rescue",pcpr@my-petz.com,,"Spring",TX,77379,
"Project Pawz",fosterfolks@projectpawz.com,,"Corsicana",TX,75151,
"Protecting Animals Within San Antonio (P.A.W.S foster based rescue)",icatyger@aol.com,,"San Antonio",TX,78231,
"Pug Rescue of Austin",info@pugrescueaustin.com,,"Austin",TX,78717,
"PugHearts the Houston Pug Rescue",info@pughearts.com,,"Alvin",TX,77512,
"Pup Squad Animal Rescue",adoption@pupsquad.org,,"Houston",TX,77007,
"PUPS - Prevent Unwanted Pets of Cat Spring",katyrescue@ymail.com,9797325591,"Cat Spring",TX,78933,
"Pups In Peril",pupsinperil@gmail.com,,"Orange",TX,77632,
"PupYourRide",doglady2222@icloud.com,903-715-0638,"Clarksville",TX,75426,
"Pure Mutts Animal Sanctuary",adopt@puremuttsanimalsanctuary.com,832-955-8100,"Conroe",TX,77384,
"Purr De Leash Project",purrdeleashproject@gmail.com,(870) 283-9805,"Fort Worth",TX,76110,
"Purr Paws Rescue Inc",info@purrpawsrescue.org,281-826-2287,"Cypress",TX,77433,
"PurRescue",purrescue@gmail.com,(281) 992-0900,"Pearland",TX,77584,
"Purrfect Angels Animal Rescue",purrfectangelsanimalrescue@yahoo.com,9728967959,"Mesquite",TX,75181,
"Purrfect Cats",applications@purrfectcats.org,(817) 561-6160,"Arlington",TX,76094,
"Purrfect Corporation Animal Sanctuary",purrfectcorp@hotmail.com,254-694-7055,"Whitney",TX,76692,
"Purrfect Pals Rescue",info@purrfectpalsrescue.com,,"Austin",TX,78759,
"Ragdoll Rescue USA South",bigbird695@yahoo.com,,"Frisco",TX,75034,
"Rainbow Dogs",rainbowdogstx@gmail.com,,"Copperas Cove",TX,76522,
"Ratbone Rescues - South Central Region",ratposting@yahoo.com,,"Mount Pleasant",TX,75455,
"Ready 2 Rescue",ready2rescue@yahoo.com,214-681-5978,"Rockwall",TX,75032,
"Rebel Rescue",pawsforrebelrescue@gmail.com,,"Victoria",TX,77905,
"Recycled Love Animal Rescue",recyclelovear@aol.com,817-832-1207,"Fort Worth",TX,76110,
"Recycled Poms - Houston",recycledpoms@suddenlink.net,979 417 9180,"Conroe",TX,77304,
"Recycled Poms and Schipperkes",info@recycledpomeranians.com,(214) 775-0648,"Dallas",TX,75154,
"Red Collar Rescue",info@redcollar.org,,"Houston",TX,77002,
"Red River SPCA",redriverspca@gmail.com,940-668-6714,"Whitesboro",TX,76273,
"Regard4Life",regard4life.info@gmail.com,,"Longview",TX,75606,
"Reggie's Friends- Houston",adoptions@reggiesfriends.org,,"Conroe",TX,77306,
"Relocation Rescue",help@relocationrescue.com,(512) 247-8969,"Austin",TX,78735,
"Rescue Reinvented",foster@rescuereinvented.org,,"Houston",TX,77292,
"Rescue Row",reneen.rescuerow@outlook.com,(214) 430-8736,"Frisco",TX,75033,
"Rescue Without Boundaries",rescuewithoutboundaries@gmail.com,,"Arlington",TX,76017,
"Rescued Rotts by Scooby-Jack",rescued_rotts_by_scooby_jack@yahoo.com,,"Manvel",TX,77578,
"Rescuers United for Furry Friends (R.U.F.F.)/ Blue Angel German Shepherd Dog Rescue",blueangelrescue@aol.com,,"San Antonio",TX,78218,
"Richland Hills Animal Services",helpingpawsnt@gmail.com,(817) 616-3769,"Richland Hills",TX,76118,
"Rising Dove Rescue",info@risingdoverescue.com,,"Fredericksburg",TX,78624,
"Rock-A-Bully and Friends",rockabullyaf@hotmail.com,,"Bellaire",TX,77402,
"Rockwall Animal Adoption Center",info@rockwalladoptions.com,972-771-7750,"Rockwall",TX,75087,
"Rockwall Pets",info@rockwallpets.com,972-696-9PET,"Rockwall",TX,75087,
"Rosenberg Animal Control",renee.mcanally@rosenbergtx.gov,8325953490,"Rosenberg",TX,77471,
"Rowlett Animal Shelter",mmartinez@rowlett.com,972-412-6219,"Rowlett",TX,75088,
"Ruff n Ready Adopt-a-Bulls",ruffnreadyrescue@yahoo.com,,"Aubrey",TX,76227,
"Rufus Refuge",rufusrefuge@gmail.com,(936) 581-1310,"Madisonville",TX,77864,
"Russell Rescue of Texas",jolleyjames@sbcglobal.net,,"Seguin",TX,78155,
"S.A.F.E. House Rescue and Adoption",safehouse74@hotmail.com,(281) 370-0133,"Conroe",TX,77384,
"S.A.V.E. Rescue Coalition",info@saverescue.org,(844) 336-7283,"Santa Fe",TX,77517,
"Sadie's Place Animal Rescue and Adoptions",sadies.place.tx@gmail.com,903-450-3969,"Lone Oak",TX,75453,
"Safe Haven Animal Rescue",info@safehavenanimalrescue.com,(512) 576-7769,"Austin",TX,78664,
"Safe Haven Cat Sanctuary",safehavencatsanctuary@gmail.com,817-454-8799,"Haslet",TX,76052,
"SAFE in Texas, Inc.",rescuemetx@gmail.com,8179371783,"Burleson",TX,76028,
"Saide Acres",saideacres@yahoo.com,Please e-mail,"Weatherford",TX,76088,
"Saint Bernard Rescue Foundation Inc. (TX Chapter)",missmanatee@hotmail.com,281-259-6267,"Magnolia",TX,77354,
"Salvaged Souls Pet Rescue",info@salvagedsoulspetrescue.org,(817) 988-3649,"Colleyville",TX,76034,
"Salvation Animal Rescue",etxsalvationanimalrescue@gmail.com,,"Lufkin",TX,75902,
"Sam Coffey Animal Rescue Friends",deenab67@yahoo.com,8304597581,"Junction",TX,76849,
"San Antonio Doberman Advocacy and Rescue",mjmmarsh@msn.com,830-985-3853,"San Antonio",TX,78016,
"San Antonio Feral Cat Coalition",crazykattlady67@gmail.com,(210) 877-9067,"San Antonio",TX,78247,
"San Antonio Great Dane Rescue",sagdinfo@gmail.com,,"Helotes",TX,78023,
"San Antonio Pets Alive!",rescueme@sanantoniopetsalive.org,please use e-mail only,"San Antonio",TX,78227,
"San Antonio R.O.C.K.S.",telma.sarocks@gmail.com,,"San Antonio",TX,78250,
"San Marcos Regional Animal Shelter",animal_services_info@sanmarcostx.gov,(512) 805-2657,"San Marcos",TX,78666,
"Sandra Sue Benson Animal Adoption Center (SPCA San Pat County)",bbblue617@gmail.com,(361) 332-1445,"Aransas Pass",TX,78336,
"Sav-A-Pet, Inc.",savapetwac@yahoo.com,713-385-2317,"Bellaire",TX,77401,
"Save A Purrfect Cat Rescue",saveacat@comcast.net,(832) 930-1228,"Houston",TX,77098,
"Save Our Strays Sugarland",saveourstraysvolunteer@gmail.com,,"Sugar Land",TX,77478,
"Save The Animals Rescue Society STARS Inc",nick@starspets.com,(972) 459-9181,"Lewisville",TX,75067,
"Saving Grace Pit Bull Rescue",info@savinggracepitbullrescue.org,8067905640,"Lubbock",TX,79424,
"Saving Our Companion Animals - Fort Bend County",info@soca-fbc.org,(281) 849-7622,"Rosenberg",TX,77471,
"Schnauzer Rescue of Texas",donna@schnauzerrescuetexas.me,877-638-0378,"Spring",TX,77373,
"School of Wags",adopt@schoolofwags.org,(254) 681-4090,"Harker Heights",TX,76548,
"Scooter's Place",phantom.rules@yahoo.com,(915) 525-1935,"El Paso",TX,79912,
"Scottie Kingdom Rescue, Inc.",rescue@scottiekingdom.com,www.scottiekingdom.com,"Dallas",TX,75355,
"Scouts Honor Rescue Inc.",info@scoutshonor.org,,"Houston",TX,77019,
"Second Chance Cavy Rescue",diana.sandlin@gmail.com,(210) 900-7749,"San Antonio",TX,78240,
"Second Chance Dog Rescue",secondchanceresq@gmail.com,(800) 647-7109,"Snyder",TX,79550,
"Second Chance Farm",secondchancefarmgranbury@gmail.com,817 243 8172,"Granbury",TX,76048,
"Second Chance Pets",pets2adopt@yahoo.com,,"League City",TX,77574,
"Second Chance SPCA",info@secondchancespca.org,972-424-0077,"Plano",TX,75074,
"Second Chance Veterinary Rescue",aahc@aggielandanimalhealthcenter.com,979-764-7387,"College Station",TX,77845,
"Second Chance-Mason Animal Rescue",adoptions@secondchancemason.com,325-347-6929,"Mason",TX,76856,
"Seguin Animal Services",lutz@seguintexas.gov,830-401-2335,"Seguin",TX,78155,
"Service Dogs Inc.",sdiadoptions@gmail.com,512-858-1495,"Dripping Springs",TX,78620,
"Shadow Cats",feralfriend@austin.rr.com,email only,"Round Rock",TX,78664,
"Shaggy Dog Rescue",kathy@houstonshaggydogrescue.org,,"Houston",TX,77006,
"Sheila's Hope Animal Rescue",sheilasrescue@gmail.com,,"Royse City",TX,75189,
"Shelter2Rescue Coalition",adoptions@shelter2rescue.org,(682) 305-2100,"Arlington",TX,76013,
"Sheree's Dog Rescue",shereesdogrescue@gmail.com,972-658-2487,"McKinney",TX,75071,
"Sherman Animal Shelter",stevew@ci.sherman.tx.us,903-892-7255,"Sherman",TX,75090,
"Short Mugs Rescue Squad",pam@shortmugsrescuesquad.org,,"Katy",TX,77494,
"Small Chance Rescue",info@smallchancerescue.com,512-699-7244,"Austin",TX,78766,
"SMART Rescue",adoptions@smartpetz.com,(281) 794-9934,"Spring",TX,77383,
"Smiling Dog Farms",adoptions@smilingdogfarms.org,,"Wharton",TX,77488,
"SNIPSA Inc.",snipsaadoptions@gmail.com,(210) 237-9400,"San Antonio",TX,78209,
"Society for Animal Rescue and Adoption (SARA)",adoptions@sarasanctuary.org,(830) 401-0280,"Seguin",TX,78155,
"Somerville Rescue",somervilleanimalrescue@yahoo.com,(979) 203-8620,"Somerville",TX,77879,
"South Central Bloodhound Club",adopt@southcentralbloodhounds.org,479/443-2775,"Dallas",TX,75229,
"South Plains SPCA",adoptions.spspca@gmail.com,,"Lubbock",TX,79407,
"South Side Street Dogs",southsidestreetdogs@gmail.com,,"Houston",TX,77024,
"South Texas Animal Adoption Resource",staar_pals@yahoo.com,281-392-0927,"Katy",TX,77491,
"South Texas Boston Terrier Rescue",southtxbtrescue@gmail.com,,"Van Vleck",TX,77482,
"Southern Comforts Animal Rescue",leeselman@comcast.net,(281) 596-4438,"Santa Fe",TX,77517,
"Southern States Rescued Rottweilers",adoptions@southernstatesrescuedrottweilers.org,,"Arlington",TX,76017,
"Southwest English Setter Rescue",info@swesr.org,214-997-3885,"New Braunfels",TX,78132,
"Spay Neuter Your Pet (S.N.Y.P.)",dianecat@flash.net,214-349-7697,"Carrollton",TX,75229,
"SPCA of East Texas",adopt@spcaeasttx.com,903-596-7722,"Tyler",TX,75713,
"SPCA of Texas - Denton",nhowery@spca.org,214-742-7722,"Denton",TX,76205,
"SPCA of Texas - Grand Prairie",spca@spca.org,214-742-7722,"Grand Prairie",TX,75052,
"SPCA PETS SNAP of Montgomery County Texas",spca_rescue@yahoo.com,,"Conroe",TX,77305,
"SPCA. of Polk County",spcaofpolkcounty@spcaofpolkcounty.org,936-327-7722,"Livingston",TX,77351,
"Special Pals Animal Shelter",clinic@specialpalsshelter.org,281-579-PETS,"Houston",TX,77084,
"SPIN (Saving Pyrs In Need): A Great Pyrenees Rescue",savingpyrsinneed@yahoo.com,,"Garland",TX,75043,
"SRGDRR Inc aka Save Rocky the Great Dane Rescue",srgdrr.inc@gmail.com,,"Bullard",TX,75757,
"St. Clouds Rescue",stcloudsrescue@yahoo.com,(972) 679-5319,"McKinney",TX,75025,
"St. Francis Rescue, Nacogdoches, TX",stfrancisrescuenac@yahoo.com,(936) 615-7425,"Nacogdoches",TX,75964,
"Starfish Rescue",soujourn1@yahoo.com,,"Tomball",TX,77377,
"START",scurvydogrescuesatx@gmail.com,,"San Antonio",TX,78255,
"Stray Acres Sanctuary and Animal Rescue",sstrayacressanctuary@gmail.com,512-525-4710,"Bertram",TX,78605,
"Straydog Inc.",straydogshelter@gmail.com,903-479-3497,"Gun Barrel City",TX,75147,
"Street Dog Rescue",jevans-adoptions@usa.net,,"Houston",TX,77061,
"Street Dogs Houston",houstonstreetdogs@gmail.com,,"Houston",TX,77079,
"Sugar Land Animal Services",kketchum@sugarlandtx.gov,281-275-A-DOG (2364),"Sugar Land",TX,77487,
"Sunnyvale Animal Control",sunnyvaleaco@townofsunnyvale.org,214-862-4525,"Sunnyvale",TX,75182,
"Sweetpups",swe181@sweetpups.org,(409) 769-1684,"Vidor",TX,77670,
"Tails from the Heart Rescue",tailsfromtheheart@gmail.com,(214) 497-0446,"Plano",TX,75025,
"Tails of Hope Pet Rescue",daphne@txtailsofhope.org,(972) 937-1000,"Waxahachie",TX,75165,
"Tails within Texas Rescue",tailswithintexas@gmail.com,(512) 618-3160,"San Marcos",TX,78666,
"Take Me Home Pet Rescue",adopt@tmhpr.com,,"Richardson",TX,75080,
"Tall Tails Rescue",tall.tails@yahoo.com,817-496-0521,"Fort Worth",TX,76124,
"TAO Animal Rescue ( The Abandoned Ones)",taoanimalrescue@yahoo.com,(817) 915-3767,"Fort Worth",TX,76133,
"Taylor Animal Shelter",txcrittercrusaders@gmail.com,(512) 352-5483,"Taylor",TX,76574,
"Tejas Rescued Pet Adoptions",adoption@tejasrescues.org,(210) 416-3947,"San Antonio",TX,78216,
"Tender Loving Crested Rescue",info@chinesecrestedrescue.org,,"Houston",TX,77043,
"Terrell Animal Alliance",taa501c3@yahoo.com,972-345-3682,"Terrell",TX,75161,
"Texarkana Animal League",fostercare@texarkanaanimalleague.org,(877) 525-4825,"Texarkana",TX,75503,
"Texarkana Humane Society",txkhs2014@gmail.com,903-824-8117,"Texarkana",TX,75504,
"Texas Alaskan Malamute Rescue",tamr@texalmal.org,,"Houston",TX,77043,
"Texas Animal Guardians",tagadoptionsteam@gmail.com,512-823-0483,"New Braunfels",TX,78131,
"Texas Animal Society",info@texasanimalsociety.com,,"Spring",TX,77393,
"Texas Best Choices Animal Rescue",allanc214@aol.com,(214) 535-5230,"Quinlan",TX,75474,
"Texas CARES",adoption@texascares.org,972-633-CATS,"Dallas",TX,75252,
"Texas Exotic Cat Rescue",txecr11@gmail.com,please email,"Dallas",TX,75229,
"Texas Ferret Lovers Rescue",milliesa@swbell.net,972 286 5778,"Balch Springs",TX,75180,
"Texas GSP Rescue",petfinder_inquiry@texasgsp.org,,"Austin",TX,78744,
"Texas Gulf Coast Boston Terrier Rescue",gulfcoastbtrescue@gmail.com,,"Kingwood",TX,77345,
"Texas Gulf Coast Bull Terrier Rescue",tgcbullterrierrescue@gmail.com,,"Sugar Land",TX,77498,
"Texas Humane Heroes -- No Kill Animal Adoption Centers",info@texashumaneheroes.org,(512) 260-3602,"Leander",TX,78641,
"Texas Husky Rescue",contact@texashuskyrescue.org,877-TX-HUSKY(894-8759),"Carrollton",TX,75011,
"Texas Independent Rhodesian Ridgeback Rescue",tirrrescue@gmail.com,(817) 454-6023,"Paradise",TX,76073,
"Texas Labrador Retriever Rescue Inc.",dooderbomb@aol.com,(817) 723-8705,"Euless",TX,76040,
"Texas Litter Control",reggie@texaslittercontrol.org,832-930-0228,"Spring",TX,77386,
"Texas Little Cuties (TLC) Rescue",tlcrescuedogs@verizon.net,,"Plano",TX,75074,
"Texas Mini Aussie Rescue",info_tmar@yahoo.com,,"Mesquite",TX,75150,
"Texas Pawprints Cat & Kitten Rescue",lashton@swbell.net,214-912-2573,"Dallas",TX,75206,
"Texas Pit Crew",texaspitcrew@gmail.com,,"Wichita Falls",TX,76308,
"Texas Rustlers Guinea Pig Rescue",theguineapigrescue@yahoo.com,(972) 219-1963,"Lewisville",TX,75067,
"Texas Sled Dog Rescue",adoption@texassleddogrescue.org,,"Sugar Land",TX,77496,
"Texas Star Rescue",tmoore.eor@gmail.com,(903) 660-2035,"Longview",TX,75602,
"Texas Sweeties Dog Rescue",sarah@texassweetiesdogrescue.org,,"Pflugerville",TX,78691,
"The American Street Cat, Inc.",adopt@theamericanstreetcat.org,,"Waller",TX,77484,
"The Big Fixx Rescue and Education",thebigfixxrescue@yahoo.com,2143850212,"Sachse",TX,75048,
"The Bryi's Meows and More Rescue",rescue@thebryis.com,,"The Woodlands",TX,77382,
"The Bunny Burrow Rabbit Rescue",thebunnyburrowrr@gmail.com,,"Watauga",TX,76148,
"The Cat's Meow Rescue",thecatsmeowrescue@yahoo.com,,"Longview",TX,75608,
"The Cattery",adoptions@thecatterycc.org,361-854-MEOW,"Corpus Christi",TX,78414,
"The Chick With Pits",info@thechickwithpits.org,4697088297,"Caddo Mills",TX,75135,
"The Dog Alliance",info@austindogalliance.org,(512) 335-7100,"Cedar Park",TX,78613,
"The Faith Phee & Butterbee Foundation",fpbanimalfoundation@gmail.com,281-883-7532,"Humble",TX,77346,
"The Forgotten Pet Advocates",forgottenpetadvocates@yahoo.com,,"Pearland",TX,77588,
"The Fresca Fund, Inc.",miguel.hughes@sbcglobal.net,817-798-8416,"Fort Worth",TX,76112,
"The Humane Society of Deaf Smith County",deafsmithhumanesociety@yahoo.com,(806) 363-6499,"Hereford",TX,79045,
"The Justin Animal Alliance",justinanimalalliance@yahoo.com,(940) 343-7848,"Justin",TX,76247,
"The Leisure Cat Animal Rescue",melissa@tlcanimalrescue.org,512-577-2318,"Buda",TX,78610,
"The Love Pit",adopt@thelovepitrescue.org,,"Dallas",TX,75238,
"The OMalley Alley Cat Organization",feralaristocat@yahoo.com,(936) 556-2754,"Nacogdoches",TX,75964,
"The Street Dog Project",info@thestreetdogproject.org,,"Dallas",TX,75248,
"Three Little Pitties",adopt3lp@gmail.com,,"Rosharon",TX,77583,
"Tiny Paws and Chi Rescue",tinypaws26@aol.com,JOIN US ON FACEBOOK,"Spring",TX,77393,
"Tonya Griffith's Animal Rescue, Inc.",tmsgriffith@aol.com,(903) 533-1282,"Tyler",TX,75704,
"Top of Texas Corgi Rescue",information@topoftexascorgirescue.com,806-382-8310,"Amarillo",TX,79103,
"Town of Addison",addisonanimalcontrol@addisontx.gov,(972) 450-2845,"Addison",TX,75001,
"Town of Hickory Creek Animal Adoption Center",alyssa.benner@hickorycreek-tx.gov,940 465-7444,"Hickory Creek",TX,75065,
"Tracysdogs",amber@tracysdogs.com,(830) 438-6066,"San Antonio",TX,78216,
"Tri-City Animal Shelter",tricities@cedarhilltx.com,(972) 291-5335,"Cedar Hill",TX,75104,
"Tricks and Treats Rescue",ferretfrenzy@yahoo.com,,"Shoreacres",TX,77571,
"True Blue Animal Rescue",help@t-bar.org,(936) 878-2349,"Brenham",TX,77834,
"Turtle Creek Veterinary Medical Center",info@turtlecreekvmc.com,(903)454-6222,"Greenville",TX,75402,
"Twisted Branch Aussie Ranch",twistedbranchaussies@gmail.com,Email only please.,"Malakoff",TX,75148,
"Twyla's Friends",twylasfriends@yahoo.com,(832) 488-7937,"Kingwood",TX,77339,
"Tzu Zoo Rescue",tzuzoorescue@gmail.com,,"Plano",TX,75093,
"Universal City Animal Care & Control",animalshelter@uctx.gov,210-658-0700,"Universal City",TX,78148,
"UNT Feral Cat Rescue Group",dallas.newell@unt.edu,(940) 390-0555,"Denton",TX,76203,
"Upshur County Hope House for Pets",contact@hopeforpetsrescue.com,(903) 309-3796,"Gilmer",TX,75644,
"Val's Pals GSD & Large Paw Rescue",valspalsgsdr@yahoo.com,,"Katy",TX,77450,
"Van Zandt County Humane Society",admin@vzchumanesociety.org,903-962-5700,"Ben Wheeler",TX,75754,
"Volunteers For Animal Protection, Inc.",vap_shelter@yahoo.com,281-358-9818,"Kingwood",TX,77325,
"VUN-VEQ Rescue",vunveqrescue@aol.com,2108631858,"San Antonio",TX,78222,
"Waggin Tails Animal Sanctuary",jstapws@yahoo.com,806 997-2169,"Anton",TX,79313,
"Waggin' Tailz Rescue and Adoptions",waggintailzadoptions@gmail.com,,"Seguin",TX,78155,
"WAGS Fund",info@wagsfundrescue.com,,"Houston",TX,77072,
"Wags to Whiskers of Texas, Inc.",info@wagstowhiskerstx.com,832-527-9370,"Porter",TX,77365,
"Wags, Hope and Healing",wagshopeandhealing@gmail.com,(512) 777-9936,"Austin",TX,78734,
"Waller Rescue Ranch",waller_rescue@yahoo.com,(832) 541-4255,"Buffalo",TX,75831,
"Watauga Animal Shelter",wataugatxanimals@yahoo.com,817-656-9614,"Watauga",TX,76148,
"Wayward Whiskers Cat Rescue",waywardwhiskerscatrescue@hotmail.com,,"San Antonio",TX,78240,
"Weatherford Parker County Animal Shelter",animals@weatherfordtx.gov,(817) 598-4111,"Weatherford",TX,76086,
"Weatherford Whiskers",weatherfordwhiskers@gmail.com,(817) 694-4106,"Weatherford",TX,76086,
"Wee Rescue",info@weerescue.org,512-533-9360,"Austin",TX,78766,
"Weimaraner Rescue of Texas",bark@weimrescuetexas.org,972-994-3572,"Dallas",TX,75220,
"Wendy's Misfits Animal Rescue",wendysmisfits@gmail.com,(936) 707-2568,"Lufkin",TX,75903,
"West Houston Animal Rescue",westhoustonanimalrescue@gmail.com,,"Houston",TX,77079,
"Westbury CARE",adoptions@westburycare.org,,"Houston",TX,77035,
"Westie and Scottie Rescue Houston",westiehoustonpetfinder@gmail.com,,"Spring",TX,77387,
"Westie Rescue North Texas",info@wrnt.org,(877) 568-2580,"Dallas",TX,75248,
"Wharton County Stray Pet Outreach Team",wcspot@hotmail.com,979-253-3446,"Wharton",TX,77488,
"What's Up, Pup? Rescue for Dogs, Inc.",wuprescue@whatsuppup.org,,"Boerne",TX,78006,
"White Kisses Great Dane Rescue",whitekissesgdr@gmail.com,,"Lubbock",TX,79464,
"Wilbarger Humane Society",whs76384@gmail.com,940-552-5373,"Vernon",TX,76384,
"Wildlife Rescue & Rehabilitation",chuddleston@wildlife-rescue.org,(830) 336-2725 ext. 316,"San Antonio",TX,78212,
"WildRescue, Inc.",wildrescuetexas@gmail.com,940-442-8289,"Denton",TX,76201,
"Williamson County Regional Animal Shelter",wcras@wilco.org,512-943-3322,"Georgetown",TX,78626,
"Wimberley Adoption Group & Rescue",adoptions@wimberleywagrescue.org,512-847-3200,"Wimberley",TX,78676,
"Wishing Furr Homes Animal Rescue of Farmers Branch",info@wfhrescue.org,,"Farmers Branch",TX,75234,
"Yaqui Animal Rescue",yaquianimalrescueadoptions@yahoo.com,956-651-8636,"Sullivan City",TX,78595,
"Yellow Rose Animal Rescue",info@yellowroseanimalrescue.org,,"Big Spring",TX,79720,
"Yorkie Rescue Houston",info@yorkierescuehouston.org,,"Spring",TX,77379,
"Zoi's Animal Rescue (Texas)",zoianimalrescue@yahoo.com,(832) 767-8572,"Bryan",TX,77808,